epoch,name,cpu_perc,mem_usage,mem_limit,mem_perc
1790978277.879352,benchmark-laravel-app-1,0.28,50.34MiB,2GiB,2.46
1790978277.879788,benchmark-laravel-nginx-1,0.02,10.55MiB,256MiB,4.12
1790978277.880103,benchmark-postgres-1,2.03,382.1MiB,2GiB,18.66
1790978277.880373,benchmark-jmeter-measure,0.00,38.36MiB,15.58GiB,0.24
1790978277.880697,benchmark-laravel-app-1,0.28,50.34MiB,2GiB,2.46
1790978277.881011,benchmark-laravel-nginx-1,0.02,10.55MiB,256MiB,4.12
1790978277.881372,benchmark-postgres-1,2.03,382.1MiB,2GiB,18.66
1790978277.881790,benchmark-jmeter-measure,0.00,38.36MiB,15.58GiB,0.24
1790978278.379824,benchmark-laravel-app-1,0.28,50.34MiB,2GiB,2.46
1790978278.380297,benchmark-laravel-nginx-1,0.02,10.55MiB,256MiB,4.12
1790978278.380657,benchmark-postgres-1,2.03,382.1MiB,2GiB,18.66
1790978278.381084,benchmark-jmeter-measure,0.00,38.36MiB,15.58GiB,0.24
1790978278.381486,benchmark-laravel-app-1,0.28,50.34MiB,2GiB,2.46
1790978278.381838,benchmark-laravel-nginx-1,0.02,10.55MiB,256MiB,4.12
1790978278.382268,benchmark-postgres-1,2.03,382.1MiB,2GiB,18.66
1790978278.382658,benchmark-jmeter-measure,0.00,38.36MiB,15.58GiB,0.24
1790978278.879694,benchmark-laravel-app-1,0.00,50.34MiB,2GiB,2.46
1790978278.880133,benchmark-laravel-nginx-1,0.00,10.55MiB,256MiB,4.12
1790978278.880511,benchmark-postgres-1,5.60,382.1MiB,2GiB,18.66
1790978278.880790,benchmark-jmeter-measure,240.87,157.4MiB,15.58GiB,0.99
1790978278.881133,benchmark-laravel-app-1,0.00,50.34MiB,2GiB,2.46
1790978278.881437,benchmark-laravel-nginx-1,0.00,10.55MiB,256MiB,4.12
1790978278.881740,benchmark-postgres-1,5.60,382.1MiB,2GiB,18.66
1790978278.882054,benchmark-jmeter-measure,240.87,157.4MiB,15.58GiB,0.99
1790978279.379717,benchmark-laravel-app-1,0.00,50.34MiB,2GiB,2.46
1790978279.380219,benchmark-laravel-nginx-1,0.00,10.55MiB,256MiB,4.12
1790978279.380737,benchmark-postgres-1,5.60,382.1MiB,2GiB,18.66
1790978279.381175,benchmark-jmeter-measure,240.87,157.4MiB,15.58GiB,0.99
1790978279.381655,benchmark-laravel-app-1,0.00,50.34MiB,2GiB,2.46
1790978279.382443,benchmark-laravel-nginx-1,0.00,10.55MiB,256MiB,4.12
1790978279.382921,benchmark-postgres-1,5.60,382.1MiB,2GiB,18.66
1790978279.383310,benchmark-jmeter-measure,240.87,157.4MiB,15.58GiB,0.99
1790978279.879852,benchmark-laravel-app-1,28.57,50.36MiB,2GiB,2.46
1790978279.880321,benchmark-laravel-nginx-1,2.81,12.16MiB,256MiB,4.75
1790978279.880743,benchmark-postgres-1,1.51,382.2MiB,2GiB,18.66
1790978279.881116,benchmark-jmeter-measure,241.50,273.8MiB,15.58GiB,1.72
1790978279.881591,benchmark-laravel-app-1,28.57,50.36MiB,2GiB,2.46
1790978279.882058,benchmark-laravel-nginx-1,2.81,12.16MiB,256MiB,4.75
1790978279.882515,benchmark-postgres-1,1.51,382.2MiB,2GiB,18.66
1790978279.882943,benchmark-jmeter-measure,241.50,273.8MiB,15.58GiB,1.72
1790978280.379732,benchmark-laravel-app-1,28.57,50.36MiB,2GiB,2.46
1790978280.380094,benchmark-laravel-nginx-1,2.81,12.16MiB,256MiB,4.75
1790978280.380474,benchmark-postgres-1,1.51,382.2MiB,2GiB,18.66
1790978280.380836,benchmark-jmeter-measure,241.50,273.8MiB,15.58GiB,1.72
1790978280.381221,benchmark-laravel-app-1,28.57,50.36MiB,2GiB,2.46
1790978280.381538,benchmark-laravel-nginx-1,2.81,12.16MiB,256MiB,4.75
1790978280.381883,benchmark-postgres-1,1.51,382.2MiB,2GiB,18.66
1790978280.382166,benchmark-jmeter-measure,241.50,273.8MiB,15.58GiB,1.72
1790978280.879854,benchmark-laravel-app-1,134.18,50.38MiB,2GiB,2.46
1790978280.880199,benchmark-laravel-nginx-1,8.14,10.57MiB,256MiB,4.13
1790978280.880503,benchmark-postgres-1,16.45,382.2MiB,2GiB,18.66
1790978280.880772,benchmark-jmeter-measure,42.65,274.3MiB,15.58GiB,1.72
1790978280.881084,benchmark-laravel-app-1,134.18,50.38MiB,2GiB,2.46
1790978280.881393,benchmark-laravel-nginx-1,8.14,10.57MiB,256MiB,4.13
1790978280.881749,benchmark-postgres-1,16.45,382.2MiB,2GiB,18.66
1790978280.882030,benchmark-jmeter-measure,42.65,274.3MiB,15.58GiB,1.72
1790978281.379348,benchmark-laravel-app-1,134.18,50.38MiB,2GiB,2.46
1790978281.379847,benchmark-laravel-nginx-1,8.14,10.57MiB,256MiB,4.13
1790978281.380237,benchmark-postgres-1,16.45,382.2MiB,2GiB,18.66
1790978281.380526,benchmark-jmeter-measure,42.65,274.3MiB,15.58GiB,1.72
1790978281.380977,benchmark-laravel-app-1,134.18,50.38MiB,2GiB,2.46
1790978281.381395,benchmark-laravel-nginx-1,8.14,10.57MiB,256MiB,4.13
1790978281.381716,benchmark-postgres-1,16.45,382.2MiB,2GiB,18.66
1790978281.382007,benchmark-jmeter-measure,42.65,274.3MiB,15.58GiB,1.72
1790978281.879534,benchmark-laravel-app-1,163.06,50.41MiB,2GiB,2.46
1790978281.879999,benchmark-laravel-nginx-1,9.01,10.58MiB,256MiB,4.13
1790978281.880384,benchmark-postgres-1,21.19,382.2MiB,2GiB,18.66
1790978281.880737,benchmark-jmeter-measure,70.97,282.7MiB,15.58GiB,1.77
1790978281.881184,benchmark-laravel-app-1,163.06,50.41MiB,2GiB,2.46
1790978281.881661,benchmark-laravel-nginx-1,9.01,10.58MiB,256MiB,4.13
1790978281.882130,benchmark-postgres-1,21.19,382.2MiB,2GiB,18.66
1790978281.882572,benchmark-jmeter-measure,70.97,282.7MiB,15.58GiB,1.77
1790978282.379111,benchmark-laravel-app-1,163.06,50.41MiB,2GiB,2.46
1790978282.379677,benchmark-laravel-nginx-1,9.01,10.58MiB,256MiB,4.13
1790978282.380033,benchmark-postgres-1,21.19,382.2MiB,2GiB,18.66
1790978282.380329,benchmark-jmeter-measure,70.97,282.7MiB,15.58GiB,1.77
1790978282.380637,benchmark-laravel-app-1,163.06,50.41MiB,2GiB,2.46
1790978282.380970,benchmark-laravel-nginx-1,9.01,10.58MiB,256MiB,4.13
1790978282.381270,benchmark-postgres-1,21.19,382.2MiB,2GiB,18.66
1790978282.381537,benchmark-jmeter-measure,70.97,282.7MiB,15.58GiB,1.77
1790978282.878980,benchmark-laravel-app-1,169.72,50.39MiB,2GiB,2.46
1790978282.879422,benchmark-laravel-nginx-1,9.45,10.58MiB,256MiB,4.13
1790978282.879951,benchmark-postgres-1,22.55,382.2MiB,2GiB,18.66
1790978282.880383,benchmark-jmeter-measure,31.18,274.6MiB,15.58GiB,1.72
1790978282.880874,benchmark-laravel-app-1,169.72,50.39MiB,2GiB,2.46
1790978282.881346,benchmark-laravel-nginx-1,9.45,10.58MiB,256MiB,4.13
1790978282.881820,benchmark-postgres-1,22.55,382.2MiB,2GiB,18.66
1790978282.882099,benchmark-jmeter-measure,31.18,274.6MiB,15.58GiB,1.72
1790978283.379298,benchmark-laravel-app-1,169.72,50.39MiB,2GiB,2.46
1790978283.379739,benchmark-laravel-nginx-1,9.45,10.58MiB,256MiB,4.13
1790978283.384094,benchmark-postgres-1,22.55,382.2MiB,2GiB,18.66
1790978283.384376,benchmark-jmeter-measure,31.18,274.6MiB,15.58GiB,1.72
1790978283.384681,benchmark-laravel-app-1,169.72,50.39MiB,2GiB,2.46
1790978283.384993,benchmark-laravel-nginx-1,9.45,10.58MiB,256MiB,4.13
1790978283.385305,benchmark-postgres-1,22.55,382.2MiB,2GiB,18.66
1790978283.385574,benchmark-jmeter-measure,31.18,274.6MiB,15.58GiB,1.72
1790978283.879793,benchmark-laravel-app-1,169.94,50.39MiB,2GiB,2.46
1790978283.880146,benchmark-laravel-nginx-1,9.52,10.57MiB,256MiB,4.13
1790978283.880484,benchmark-postgres-1,28.23,382.4MiB,2GiB,18.67
1790978283.880844,benchmark-jmeter-measure,22.72,274.9MiB,15.58GiB,1.72
1790978283.881266,benchmark-laravel-app-1,169.94,50.39MiB,2GiB,2.46
1790978283.881607,benchmark-laravel-nginx-1,9.52,10.57MiB,256MiB,4.13
1790978283.881914,benchmark-postgres-1,28.23,382.4MiB,2GiB,18.67
1790978283.882185,benchmark-jmeter-measure,22.72,274.9MiB,15.58GiB,1.72
1790978284.379230,benchmark-laravel-app-1,169.94,50.39MiB,2GiB,2.46
1790978284.379685,benchmark-laravel-nginx-1,9.52,10.57MiB,256MiB,4.13
1790978284.380001,benchmark-postgres-1,28.23,382.4MiB,2GiB,18.67
1790978284.380271,benchmark-jmeter-measure,22.72,274.9MiB,15.58GiB,1.72
1790978284.380623,benchmark-laravel-app-1,169.94,50.39MiB,2GiB,2.46
1790978284.380968,benchmark-laravel-nginx-1,9.52,10.57MiB,256MiB,4.13
1790978284.381313,benchmark-postgres-1,28.23,382.4MiB,2GiB,18.67
1790978284.381586,benchmark-jmeter-measure,22.72,274.9MiB,15.58GiB,1.72
1790978284.879545,benchmark-laravel-app-1,172.41,50.38MiB,2GiB,2.46
1790978284.879916,benchmark-laravel-nginx-1,9.28,10.57MiB,256MiB,4.13
1790978284.880282,benchmark-postgres-1,22.79,382.2MiB,2GiB,18.66
1790978284.880556,benchmark-jmeter-measure,30.12,282.5MiB,15.58GiB,1.77
1790978284.880859,benchmark-laravel-app-1,172.41,50.38MiB,2GiB,2.46
1790978284.881353,benchmark-laravel-nginx-1,9.28,10.57MiB,256MiB,4.13
1790978284.881974,benchmark-postgres-1,22.79,382.2MiB,2GiB,18.66
1790978284.882471,benchmark-jmeter-measure,30.12,282.5MiB,15.58GiB,1.77
1790978285.380221,benchmark-laravel-app-1,172.41,50.38MiB,2GiB,2.46
1790978285.380570,benchmark-laravel-nginx-1,9.28,10.57MiB,256MiB,4.13
1790978285.380931,benchmark-postgres-1,22.79,382.2MiB,2GiB,18.66
1790978285.381300,benchmark-jmeter-measure,30.12,282.5MiB,15.58GiB,1.77
1790978285.381656,benchmark-laravel-app-1,172.41,50.38MiB,2GiB,2.46
1790978285.381993,benchmark-laravel-nginx-1,9.28,10.57MiB,256MiB,4.13
1790978285.382329,benchmark-postgres-1,22.79,382.2MiB,2GiB,18.66
1790978285.382600,benchmark-jmeter-measure,30.12,282.5MiB,15.58GiB,1.77
1790978285.879763,benchmark-laravel-app-1,173.59,50.39MiB,2GiB,2.46
1790978285.880100,benchmark-laravel-nginx-1,12.23,10.59MiB,256MiB,4.14
1790978285.880419,benchmark-postgres-1,22.27,382.2MiB,2GiB,18.66
1790978285.880690,benchmark-jmeter-measure,18.56,283.1MiB,15.58GiB,1.77
1790978285.881015,benchmark-laravel-app-1,173.59,50.39MiB,2GiB,2.46
1790978285.881363,benchmark-laravel-nginx-1,12.23,10.59MiB,256MiB,4.14
1790978285.881684,benchmark-postgres-1,22.27,382.2MiB,2GiB,18.66
1790978285.881958,benchmark-jmeter-measure,18.56,283.1MiB,15.58GiB,1.77
1790978286.379198,benchmark-laravel-app-1,173.59,50.39MiB,2GiB,2.46
1790978286.379551,benchmark-laravel-nginx-1,12.23,10.59MiB,256MiB,4.14
1790978286.379890,benchmark-postgres-1,22.27,382.2MiB,2GiB,18.66
1790978286.380160,benchmark-jmeter-measure,18.56,283.1MiB,15.58GiB,1.77
1790978286.380660,benchmark-laravel-app-1,173.59,50.39MiB,2GiB,2.46
1790978286.381156,benchmark-laravel-nginx-1,12.23,10.59MiB,256MiB,4.14
1790978286.381541,benchmark-postgres-1,22.27,382.2MiB,2GiB,18.66
1790978286.381814,benchmark-jmeter-measure,18.56,283.1MiB,15.58GiB,1.77
1790978287.955374,benchmark-laravel-app-1,172.79,50.4MiB,2GiB,2.46
1790978287.955758,benchmark-laravel-nginx-1,9.74,10.6MiB,256MiB,4.14
1790978287.956058,benchmark-postgres-1,23.38,382.2MiB,2GiB,18.66
1790978287.956352,benchmark-jmeter-measure,18.30,283.5MiB,15.58GiB,1.78
1790978287.956661,benchmark-laravel-app-1,172.79,50.4MiB,2GiB,2.46
1790978287.956959,benchmark-laravel-nginx-1,9.74,10.6MiB,256MiB,4.14
1790978287.957256,benchmark-postgres-1,23.38,382.2MiB,2GiB,18.66
1790978287.957596,benchmark-jmeter-measure,18.30,283.5MiB,15.58GiB,1.78
1790978288.455001,benchmark-laravel-app-1,172.79,50.4MiB,2GiB,2.46
1790978288.455521,benchmark-laravel-nginx-1,9.74,10.6MiB,256MiB,4.14
1790978288.455878,benchmark-postgres-1,23.38,382.2MiB,2GiB,18.66
1790978288.456153,benchmark-jmeter-measure,18.30,283.5MiB,15.58GiB,1.78
1790978288.456480,benchmark-laravel-app-1,172.79,50.4MiB,2GiB,2.46
1790978288.456907,benchmark-laravel-nginx-1,9.74,10.6MiB,256MiB,4.14
1790978288.457229,benchmark-postgres-1,23.38,382.2MiB,2GiB,18.66
1790978288.457618,benchmark-jmeter-measure,18.30,283.5MiB,15.58GiB,1.78
1790978288.955343,benchmark-laravel-app-1,171.93,50.39MiB,2GiB,2.46
1790978288.955792,benchmark-laravel-nginx-1,9.49,10.59MiB,256MiB,4.14
1790978288.956261,benchmark-postgres-1,23.12,382.2MiB,2GiB,18.66
1790978288.956679,benchmark-jmeter-measure,31.66,282.1MiB,15.58GiB,1.77
1790978288.957174,benchmark-laravel-app-1,171.93,50.39MiB,2GiB,2.46
1790978288.957653,benchmark-laravel-nginx-1,9.49,10.59MiB,256MiB,4.14
1790978288.958143,benchmark-postgres-1,23.12,382.2MiB,2GiB,18.66
1790978288.958568,benchmark-jmeter-measure,31.66,282.1MiB,15.58GiB,1.77
1790978289.455660,benchmark-laravel-app-1,171.93,50.39MiB,2GiB,2.46
1790978289.456079,benchmark-laravel-nginx-1,9.49,10.59MiB,256MiB,4.14
1790978289.456393,benchmark-postgres-1,23.12,382.2MiB,2GiB,18.66
1790978289.456683,benchmark-jmeter-measure,31.66,282.1MiB,15.58GiB,1.77
1790978289.456987,benchmark-laravel-app-1,171.93,50.39MiB,2GiB,2.46
1790978289.457299,benchmark-laravel-nginx-1,9.49,10.59MiB,256MiB,4.14
1790978289.457597,benchmark-postgres-1,23.12,382.2MiB,2GiB,18.66
1790978289.457896,benchmark-jmeter-measure,31.66,282.1MiB,15.58GiB,1.77
1790978289.955954,benchmark-laravel-app-1,170.55,50.38MiB,2GiB,2.46
1790978289.956440,benchmark-laravel-nginx-1,9.77,10.84MiB,256MiB,4.23
1790978289.956897,benchmark-postgres-1,28.53,382.3MiB,2GiB,18.67
1790978289.957315,benchmark-jmeter-measure,14.33,293.3MiB,15.58GiB,1.84
1790978289.957763,benchmark-laravel-app-1,170.55,50.38MiB,2GiB,2.46
1790978289.958230,benchmark-laravel-nginx-1,9.77,10.84MiB,256MiB,4.23
1790978289.958683,benchmark-postgres-1,28.53,382.3MiB,2GiB,18.67
1790978289.959101,benchmark-jmeter-measure,14.33,293.3MiB,15.58GiB,1.84
1790978290.455342,benchmark-laravel-app-1,170.55,50.38MiB,2GiB,2.46
1790978290.455750,benchmark-laravel-nginx-1,9.77,10.84MiB,256MiB,4.23
1790978290.456099,benchmark-postgres-1,28.53,382.3MiB,2GiB,18.67
1790978290.456374,benchmark-jmeter-measure,14.33,293.3MiB,15.58GiB,1.84
1790978290.456679,benchmark-laravel-app-1,170.55,50.38MiB,2GiB,2.46
1790978290.456994,benchmark-laravel-nginx-1,9.77,10.84MiB,256MiB,4.23
1790978290.457319,benchmark-postgres-1,28.53,382.3MiB,2GiB,18.67
1790978290.457634,benchmark-jmeter-measure,14.33,293.3MiB,15.58GiB,1.84
1790978290.956037,benchmark-laravel-app-1,174.63,50.38MiB,2GiB,2.46
1790978290.956450,benchmark-laravel-nginx-1,9.72,10.6MiB,256MiB,4.14
1790978290.956857,benchmark-postgres-1,22.40,382.2MiB,2GiB,18.66
1790978290.957191,benchmark-jmeter-measure,16.43,293.1MiB,15.58GiB,1.84
1790978290.957526,benchmark-laravel-app-1,174.63,50.38MiB,2GiB,2.46
1790978290.957897,benchmark-laravel-nginx-1,9.72,10.6MiB,256MiB,4.14
1790978290.958307,benchmark-postgres-1,22.40,382.2MiB,2GiB,18.66
1790978290.958715,benchmark-jmeter-measure,16.43,293.1MiB,15.58GiB,1.84
1790978291.455342,benchmark-laravel-app-1,174.63,50.38MiB,2GiB,2.46
1790978291.455751,benchmark-laravel-nginx-1,9.72,10.6MiB,256MiB,4.14
1790978291.456069,benchmark-postgres-1,22.40,382.2MiB,2GiB,18.66
1790978291.456339,benchmark-jmeter-measure,16.43,293.1MiB,15.58GiB,1.84
1790978291.456706,benchmark-laravel-app-1,174.63,50.38MiB,2GiB,2.46
1790978291.457055,benchmark-laravel-nginx-1,9.72,10.6MiB,256MiB,4.14
1790978291.457385,benchmark-postgres-1,22.40,382.2MiB,2GiB,18.66
1790978291.457657,benchmark-jmeter-measure,16.43,293.1MiB,15.58GiB,1.84
1790978291.955382,benchmark-laravel-app-1,174.85,50.39MiB,2GiB,2.46
1790978291.955765,benchmark-laravel-nginx-1,12.79,10.59MiB,256MiB,4.14
1790978291.956064,benchmark-postgres-1,23.53,382.3MiB,2GiB,18.67
1790978291.956332,benchmark-jmeter-measure,31.18,298.2MiB,15.58GiB,1.87
1790978291.956666,benchmark-laravel-app-1,174.85,50.39MiB,2GiB,2.46
1790978291.956981,benchmark-laravel-nginx-1,12.79,10.59MiB,256MiB,4.14
1790978291.957319,benchmark-postgres-1,23.53,382.3MiB,2GiB,18.67
1790978291.957607,benchmark-jmeter-measure,31.18,298.2MiB,15.58GiB,1.87
1790978292.455783,benchmark-laravel-app-1,174.85,50.39MiB,2GiB,2.46
1790978292.456158,benchmark-laravel-nginx-1,12.79,10.59MiB,256MiB,4.14
1790978292.456474,benchmark-postgres-1,23.53,382.3MiB,2GiB,18.67
1790978292.456814,benchmark-jmeter-measure,31.18,298.2MiB,15.58GiB,1.87
1790978292.457234,benchmark-laravel-app-1,174.85,50.39MiB,2GiB,2.46
1790978292.457650,benchmark-laravel-nginx-1,12.79,10.59MiB,256MiB,4.14
1790978292.458090,benchmark-postgres-1,23.53,382.3MiB,2GiB,18.67
1790978292.458398,benchmark-jmeter-measure,31.18,298.2MiB,15.58GiB,1.87
1790978292.955540,benchmark-laravel-app-1,173.19,50.39MiB,2GiB,2.46
1790978292.955891,benchmark-laravel-nginx-1,9.84,10.6MiB,256MiB,4.14
1790978292.956197,benchmark-postgres-1,23.57,382.7MiB,2GiB,18.69
1790978292.956481,benchmark-jmeter-measure,18.18,298MiB,15.58GiB,1.87
1790978292.956783,benchmark-laravel-app-1,173.19,50.39MiB,2GiB,2.46
1790978292.957081,benchmark-laravel-nginx-1,9.84,10.6MiB,256MiB,4.14
1790978292.957380,benchmark-postgres-1,23.57,382.7MiB,2GiB,18.69
1790978292.957809,benchmark-jmeter-measure,18.18,298MiB,15.58GiB,1.87
1790978293.455010,benchmark-laravel-app-1,173.19,50.39MiB,2GiB,2.46
1790978293.455349,benchmark-laravel-nginx-1,9.84,10.6MiB,256MiB,4.14
1790978293.455720,benchmark-postgres-1,23.57,382.7MiB,2GiB,18.69
1790978293.456062,benchmark-jmeter-measure,18.18,298MiB,15.58GiB,1.87
1790978293.456387,benchmark-laravel-app-1,173.19,50.39MiB,2GiB,2.46
1790978293.456689,benchmark-laravel-nginx-1,9.84,10.6MiB,256MiB,4.14
1790978293.457001,benchmark-postgres-1,23.57,382.7MiB,2GiB,18.69
1790978293.457279,benchmark-jmeter-measure,18.18,298MiB,15.58GiB,1.87
1790978293.955588,benchmark-laravel-app-1,173.41,50.39MiB,2GiB,2.46
1790978293.955955,benchmark-laravel-nginx-1,9.83,10.6MiB,256MiB,4.14
1790978293.956319,benchmark-postgres-1,23.18,382.9MiB,2GiB,18.70
1790978293.956630,benchmark-jmeter-measure,13.97,293.3MiB,15.58GiB,1.84
1790978293.956940,benchmark-laravel-app-1,173.41,50.39MiB,2GiB,2.46
1790978293.957255,benchmark-laravel-nginx-1,9.83,10.6MiB,256MiB,4.14
1790978293.957556,benchmark-postgres-1,23.18,382.9MiB,2GiB,18.70
1790978293.957825,benchmark-jmeter-measure,13.97,293.3MiB,15.58GiB,1.84
1790978294.455221,benchmark-laravel-app-1,173.41,50.39MiB,2GiB,2.46
1790978294.455669,benchmark-laravel-nginx-1,9.83,10.6MiB,256MiB,4.14
1790978294.455981,benchmark-postgres-1,23.18,382.9MiB,2GiB,18.70
1790978294.456285,benchmark-jmeter-measure,13.97,293.3MiB,15.58GiB,1.84
1790978294.456614,benchmark-laravel-app-1,173.41,50.39MiB,2GiB,2.46
1790978294.456921,benchmark-laravel-nginx-1,9.83,10.6MiB,256MiB,4.14
1790978294.457218,benchmark-postgres-1,23.18,382.9MiB,2GiB,18.70
1790978294.457502,benchmark-jmeter-measure,13.97,293.3MiB,15.58GiB,1.84
1790978294.955115,benchmark-laravel-app-1,174.36,50.4MiB,2GiB,2.46
1790978294.955532,benchmark-laravel-nginx-1,9.84,10.59MiB,256MiB,4.14
1790978294.960566,benchmark-postgres-1,29.01,382.3MiB,2GiB,18.67
1790978294.960878,benchmark-jmeter-measure,11.69,293.3MiB,15.58GiB,1.84
1790978294.961260,benchmark-laravel-app-1,174.36,50.4MiB,2GiB,2.46
1790978294.961602,benchmark-laravel-nginx-1,9.84,10.59MiB,256MiB,4.14
1790978294.961973,benchmark-postgres-1,29.01,382.3MiB,2GiB,18.67
1790978294.962347,benchmark-jmeter-measure,11.69,293.3MiB,15.58GiB,1.84
1790978295.455945,benchmark-laravel-app-1,174.36,50.4MiB,2GiB,2.46
1790978295.456434,benchmark-laravel-nginx-1,9.84,10.59MiB,256MiB,4.14
1790978295.456893,benchmark-postgres-1,29.01,382.3MiB,2GiB,18.67
1790978295.457325,benchmark-jmeter-measure,11.69,293.3MiB,15.58GiB,1.84
1790978295.457825,benchmark-laravel-app-1,174.36,50.4MiB,2GiB,2.46
1790978295.458318,benchmark-laravel-nginx-1,9.84,10.59MiB,256MiB,4.14
1790978295.458795,benchmark-postgres-1,29.01,382.3MiB,2GiB,18.67
1790978295.459207,benchmark-jmeter-measure,11.69,293.3MiB,15.58GiB,1.84
1790978295.955306,benchmark-laravel-app-1,175.82,50.4MiB,2GiB,2.46
1790978295.955702,benchmark-laravel-nginx-1,9.84,10.59MiB,256MiB,4.14
1790978295.956009,benchmark-postgres-1,23.20,382.2MiB,2GiB,18.66
1790978295.956290,benchmark-jmeter-measure,8.68,293.4MiB,15.58GiB,1.84
1790978295.956591,benchmark-laravel-app-1,175.82,50.4MiB,2GiB,2.46
1790978295.956889,benchmark-laravel-nginx-1,9.84,10.59MiB,256MiB,4.14
1790978295.957200,benchmark-postgres-1,23.20,382.2MiB,2GiB,18.66
1790978295.957467,benchmark-jmeter-measure,8.68,293.4MiB,15.58GiB,1.84
1790978296.454788,benchmark-laravel-app-1,175.82,50.4MiB,2GiB,2.46
1790978296.455130,benchmark-laravel-nginx-1,9.84,10.59MiB,256MiB,4.14
1790978296.455495,benchmark-postgres-1,23.20,382.2MiB,2GiB,18.66
1790978296.455770,benchmark-jmeter-measure,8.68,293.4MiB,15.58GiB,1.84
1790978296.456073,benchmark-laravel-app-1,175.82,50.4MiB,2GiB,2.46
1790978296.456454,benchmark-laravel-nginx-1,9.84,10.59MiB,256MiB,4.14
1790978296.456760,benchmark-postgres-1,23.20,382.2MiB,2GiB,18.66
1790978296.457029,benchmark-jmeter-measure,8.68,293.4MiB,15.58GiB,1.84
1790978296.955102,benchmark-laravel-app-1,173.39,50.41MiB,2GiB,2.46
1790978296.955622,benchmark-laravel-nginx-1,12.73,10.9MiB,256MiB,4.26
1790978296.956091,benchmark-postgres-1,23.04,382.6MiB,2GiB,18.68
1790978296.956408,benchmark-jmeter-measure,9.19,293.4MiB,15.58GiB,1.84
1790978296.956716,benchmark-laravel-app-1,173.39,50.41MiB,2GiB,2.46
1790978296.957017,benchmark-laravel-nginx-1,12.73,10.9MiB,256MiB,4.26
1790978296.957353,benchmark-postgres-1,23.04,382.6MiB,2GiB,18.68
1790978296.957631,benchmark-jmeter-measure,9.19,293.4MiB,15.58GiB,1.84
1790978297.455294,benchmark-laravel-app-1,173.39,50.41MiB,2GiB,2.46
1790978297.455664,benchmark-laravel-nginx-1,12.73,10.9MiB,256MiB,4.26
1790978297.456011,benchmark-postgres-1,23.04,382.6MiB,2GiB,18.68
1790978297.456292,benchmark-jmeter-measure,9.19,293.4MiB,15.58GiB,1.84
1790978297.456613,benchmark-laravel-app-1,173.39,50.41MiB,2GiB,2.46
1790978297.456930,benchmark-laravel-nginx-1,12.73,10.9MiB,256MiB,4.26
1790978297.457232,benchmark-postgres-1,23.04,382.6MiB,2GiB,18.68
1790978297.457529,benchmark-jmeter-measure,9.19,293.4MiB,15.58GiB,1.84
1790978297.955776,benchmark-laravel-app-1,175.32,50.89MiB,2GiB,2.48
1790978297.956286,benchmark-laravel-nginx-1,10.12,10.64MiB,256MiB,4.16
1790978297.956624,benchmark-postgres-1,22.80,382.2MiB,2GiB,18.66
1790978297.957008,benchmark-jmeter-measure,16.61,293.4MiB,15.58GiB,1.84
1790978297.957486,benchmark-laravel-app-1,175.32,50.89MiB,2GiB,2.48
1790978297.957945,benchmark-laravel-nginx-1,10.12,10.64MiB,256MiB,4.16
1790978297.958422,benchmark-postgres-1,22.80,382.2MiB,2GiB,18.66
1790978297.958862,benchmark-jmeter-measure,16.61,293.4MiB,15.58GiB,1.84
1790978298.455158,benchmark-laravel-app-1,175.32,50.89MiB,2GiB,2.48
1790978298.455559,benchmark-laravel-nginx-1,10.12,10.64MiB,256MiB,4.16
1790978298.455876,benchmark-postgres-1,22.80,382.2MiB,2GiB,18.66
1790978298.456173,benchmark-jmeter-measure,16.61,293.4MiB,15.58GiB,1.84
1790978298.456485,benchmark-laravel-app-1,175.32,50.89MiB,2GiB,2.48
1790978298.456874,benchmark-laravel-nginx-1,10.12,10.64MiB,256MiB,4.16
1790978298.457206,benchmark-postgres-1,22.80,382.2MiB,2GiB,18.66
1790978298.457477,benchmark-jmeter-measure,16.61,293.4MiB,15.58GiB,1.84
1790978298.955449,benchmark-laravel-app-1,177.13,50.38MiB,2GiB,2.46
1790978298.955867,benchmark-laravel-nginx-1,9.17,10.6MiB,256MiB,4.14
1790978298.956281,benchmark-postgres-1,21.41,382.4MiB,2GiB,18.67
1790978298.956654,benchmark-jmeter-measure,9.88,293.4MiB,15.58GiB,1.84
1790978298.957017,benchmark-laravel-app-1,177.13,50.38MiB,2GiB,2.46
1790978298.957335,benchmark-laravel-nginx-1,9.17,10.6MiB,256MiB,4.14
1790978298.957635,benchmark-postgres-1,21.41,382.4MiB,2GiB,18.67
1790978298.957924,benchmark-jmeter-measure,9.88,293.4MiB,15.58GiB,1.84
1790978299.454874,benchmark-laravel-app-1,177.13,50.38MiB,2GiB,2.46
1790978299.455243,benchmark-laravel-nginx-1,9.17,10.6MiB,256MiB,4.14
1790978299.455650,benchmark-postgres-1,21.41,382.4MiB,2GiB,18.67
1790978299.455924,benchmark-jmeter-measure,9.88,293.4MiB,15.58GiB,1.84
1790978299.456322,benchmark-laravel-app-1,177.13,50.38MiB,2GiB,2.46
1790978299.456756,benchmark-laravel-nginx-1,9.17,10.6MiB,256MiB,4.14
1790978299.457230,benchmark-postgres-1,21.41,382.4MiB,2GiB,18.67
1790978299.457667,benchmark-jmeter-measure,9.88,293.4MiB,15.58GiB,1.84
1790978299.955122,benchmark-laravel-app-1,176.71,50.87MiB,2GiB,2.48
1790978299.955531,benchmark-laravel-nginx-1,9.17,10.6MiB,256MiB,4.14
1790978299.955941,benchmark-postgres-1,27.44,382.2MiB,2GiB,18.66
1790978299.956322,benchmark-jmeter-measure,11.49,293.4MiB,15.58GiB,1.84
1790978299.956758,benchmark-laravel-app-1,176.71,50.87MiB,2GiB,2.48
1790978299.957181,benchmark-laravel-nginx-1,9.17,10.6MiB,256MiB,4.14
1790978299.957598,benchmark-postgres-1,27.44,382.2MiB,2GiB,18.66
1790978299.957993,benchmark-jmeter-measure,11.49,293.4MiB,15.58GiB,1.84
1790978300.456117,benchmark-laravel-app-1,176.71,50.87MiB,2GiB,2.48
1790978300.456575,benchmark-laravel-nginx-1,9.17,10.6MiB,256MiB,4.14
1790978300.457020,benchmark-postgres-1,27.44,382.2MiB,2GiB,18.66
1790978300.457416,benchmark-jmeter-measure,11.49,293.4MiB,15.58GiB,1.84
1790978300.457869,benchmark-laravel-app-1,176.71,50.87MiB,2GiB,2.48
1790978300.458308,benchmark-laravel-nginx-1,9.17,10.6MiB,256MiB,4.14
1790978300.458728,benchmark-postgres-1,27.44,382.2MiB,2GiB,18.66
1790978300.459127,benchmark-jmeter-measure,11.49,293.4MiB,15.58GiB,1.84
1790978300.955227,benchmark-laravel-app-1,177.17,50.38MiB,2GiB,2.46
1790978300.955822,benchmark-laravel-nginx-1,9.21,10.59MiB,256MiB,4.14
1790978300.956301,benchmark-postgres-1,21.21,382.3MiB,2GiB,18.67
1790978300.956640,benchmark-jmeter-measure,25.62,294.2MiB,15.58GiB,1.84
1790978300.957047,benchmark-laravel-app-1,177.17,50.38MiB,2GiB,2.46
1790978300.957490,benchmark-laravel-nginx-1,9.21,10.59MiB,256MiB,4.14
1790978300.957921,benchmark-postgres-1,21.21,382.3MiB,2GiB,18.67
1790978300.958384,benchmark-jmeter-measure,25.62,294.2MiB,15.58GiB,1.84
1790978301.455776,benchmark-laravel-app-1,177.17,50.38MiB,2GiB,2.46
1790978301.456272,benchmark-laravel-nginx-1,9.21,10.59MiB,256MiB,4.14
1790978301.456719,benchmark-postgres-1,21.21,382.3MiB,2GiB,18.67
1790978301.457129,benchmark-jmeter-measure,25.62,294.2MiB,15.58GiB,1.84
1790978301.457618,benchmark-laravel-app-1,177.17,50.38MiB,2GiB,2.46
1790978301.458086,benchmark-laravel-nginx-1,9.21,10.59MiB,256MiB,4.14
1790978301.458569,benchmark-postgres-1,21.21,382.3MiB,2GiB,18.67
1790978301.458992,benchmark-jmeter-measure,25.62,294.2MiB,15.58GiB,1.84
1790978301.955171,benchmark-laravel-app-1,178.87,50.38MiB,2GiB,2.46
1790978301.955697,benchmark-laravel-nginx-1,12.40,10.86MiB,256MiB,4.24
1790978301.956153,benchmark-postgres-1,20.16,382.2MiB,2GiB,18.66
1790978301.956464,benchmark-jmeter-measure,70.23,308.6MiB,15.58GiB,1.93
1790978301.956908,benchmark-laravel-app-1,178.87,50.38MiB,2GiB,2.46
1790978301.957337,benchmark-laravel-nginx-1,12.40,10.86MiB,256MiB,4.24
1790978301.957779,benchmark-postgres-1,20.16,382.2MiB,2GiB,18.66
1790978301.958168,benchmark-jmeter-measure,70.23,308.6MiB,15.58GiB,1.93
1790978302.455789,benchmark-laravel-app-1,178.87,50.38MiB,2GiB,2.46
1790978302.456276,benchmark-laravel-nginx-1,12.40,10.86MiB,256MiB,4.24
1790978302.456748,benchmark-postgres-1,20.16,382.2MiB,2GiB,18.66
1790978302.457150,benchmark-jmeter-measure,70.23,308.6MiB,15.58GiB,1.93
1790978302.457613,benchmark-laravel-app-1,178.87,50.38MiB,2GiB,2.46
1790978302.458004,benchmark-laravel-nginx-1,12.40,10.86MiB,256MiB,4.24
1790978302.458334,benchmark-postgres-1,20.16,382.2MiB,2GiB,18.66
1790978302.458663,benchmark-jmeter-measure,70.23,308.6MiB,15.58GiB,1.93
1790978302.955167,benchmark-laravel-app-1,179.27,50.4MiB,2GiB,2.46
1790978302.955552,benchmark-laravel-nginx-1,9.21,10.59MiB,256MiB,4.14
1790978302.955857,benchmark-postgres-1,20.77,382.2MiB,2GiB,18.66
1790978302.956138,benchmark-jmeter-measure,86.82,317.7MiB,15.58GiB,1.99
1790978302.956481,benchmark-laravel-app-1,179.27,50.4MiB,2GiB,2.46
1790978302.956824,benchmark-laravel-nginx-1,9.21,10.59MiB,256MiB,4.14
1790978302.957169,benchmark-postgres-1,20.77,382.2MiB,2GiB,18.66
1790978302.957441,benchmark-jmeter-measure,86.82,317.7MiB,15.58GiB,1.99
1790978303.456058,benchmark-laravel-app-1,179.27,50.4MiB,2GiB,2.46
1790978303.456429,benchmark-laravel-nginx-1,9.21,10.59MiB,256MiB,4.14
1790978303.456750,benchmark-postgres-1,20.77,382.2MiB,2GiB,18.66
1790978303.457036,benchmark-jmeter-measure,86.82,317.7MiB,15.58GiB,1.99
1790978303.457340,benchmark-laravel-app-1,179.27,50.4MiB,2GiB,2.46
1790978303.457639,benchmark-laravel-nginx-1,9.21,10.59MiB,256MiB,4.14
1790978303.458073,benchmark-postgres-1,20.77,382.2MiB,2GiB,18.66
1790978303.458386,benchmark-jmeter-measure,86.82,317.7MiB,15.58GiB,1.99
1790978303.954994,benchmark-laravel-app-1,179.29,50.4MiB,2GiB,2.46
1790978303.955382,benchmark-laravel-nginx-1,9.36,10.63MiB,256MiB,4.15
1790978303.955758,benchmark-postgres-1,21.65,382.2MiB,2GiB,18.66
1790978303.956030,benchmark-jmeter-measure,33.09,307.7MiB,15.58GiB,1.93
1790978303.956345,benchmark-laravel-app-1,179.29,50.4MiB,2GiB,2.46
1790978303.956772,benchmark-laravel-nginx-1,9.36,10.63MiB,256MiB,4.15
1790978303.957203,benchmark-postgres-1,21.65,382.2MiB,2GiB,18.66
1790978303.957611,benchmark-jmeter-measure,33.09,307.7MiB,15.58GiB,1.93
1790978304.455982,benchmark-laravel-app-1,179.29,50.4MiB,2GiB,2.46
1790978304.456441,benchmark-laravel-nginx-1,9.36,10.63MiB,256MiB,4.15
1790978304.456882,benchmark-postgres-1,21.65,382.2MiB,2GiB,18.66
1790978304.457369,benchmark-jmeter-measure,33.09,307.7MiB,15.58GiB,1.93
1790978304.457935,benchmark-laravel-app-1,179.29,50.4MiB,2GiB,2.46
1790978304.458465,benchmark-laravel-nginx-1,9.36,10.63MiB,256MiB,4.15
1790978304.458900,benchmark-postgres-1,21.65,382.2MiB,2GiB,18.66
1790978304.459289,benchmark-jmeter-measure,33.09,307.7MiB,15.58GiB,1.93
1790978304.955243,benchmark-laravel-app-1,177.25,50.39MiB,2GiB,2.46
1790978304.955632,benchmark-laravel-nginx-1,9.99,10.62MiB,256MiB,4.15
1790978304.955950,benchmark-postgres-1,28.80,382.3MiB,2GiB,18.67
1790978304.956217,benchmark-jmeter-measure,7.36,307.6MiB,15.58GiB,1.93
1790978304.956533,benchmark-laravel-app-1,177.25,50.39MiB,2GiB,2.46
1790978304.956835,benchmark-laravel-nginx-1,9.99,10.62MiB,256MiB,4.15
1790978304.957134,benchmark-postgres-1,28.80,382.3MiB,2GiB,18.67
1790978304.957417,benchmark-jmeter-measure,7.36,307.6MiB,15.58GiB,1.93
1790978305.455731,benchmark-laravel-app-1,177.25,50.39MiB,2GiB,2.46
1790978305.456150,benchmark-laravel-nginx-1,9.99,10.62MiB,256MiB,4.15
1790978305.456582,benchmark-postgres-1,28.80,382.3MiB,2GiB,18.67
1790978305.456982,benchmark-jmeter-measure,7.36,307.6MiB,15.58GiB,1.93
1790978305.457447,benchmark-laravel-app-1,177.25,50.39MiB,2GiB,2.46
1790978305.457910,benchmark-laravel-nginx-1,9.99,10.62MiB,256MiB,4.15
1790978305.458315,benchmark-postgres-1,28.80,382.3MiB,2GiB,18.67
1790978305.458605,benchmark-jmeter-measure,7.36,307.6MiB,15.58GiB,1.93
1790978305.955874,benchmark-laravel-app-1,176.13,50.62MiB,2GiB,2.47
1790978305.956238,benchmark-laravel-nginx-1,9.90,10.62MiB,256MiB,4.15
1790978305.956546,benchmark-postgres-1,23.74,382.3MiB,2GiB,18.66
1790978305.956814,benchmark-jmeter-measure,42.21,308.9MiB,15.58GiB,1.94
1790978305.957144,benchmark-laravel-app-1,176.13,50.62MiB,2GiB,2.47
1790978305.957457,benchmark-laravel-nginx-1,9.90,10.62MiB,256MiB,4.15
1790978305.957767,benchmark-postgres-1,23.74,382.3MiB,2GiB,18.66
1790978305.958156,benchmark-jmeter-measure,42.21,308.9MiB,15.58GiB,1.94
1790978306.455333,benchmark-laravel-app-1,176.13,50.62MiB,2GiB,2.47
1790978306.455833,benchmark-laravel-nginx-1,9.90,10.62MiB,256MiB,4.15
1790978306.456318,benchmark-postgres-1,23.74,382.3MiB,2GiB,18.66
1790978306.456776,benchmark-jmeter-measure,42.21,308.9MiB,15.58GiB,1.94
1790978306.457283,benchmark-laravel-app-1,176.13,50.62MiB,2GiB,2.47
1790978306.457670,benchmark-laravel-nginx-1,9.90,10.62MiB,256MiB,4.15
1790978306.457978,benchmark-postgres-1,23.74,382.3MiB,2GiB,18.66
1790978306.458263,benchmark-jmeter-measure,42.21,308.9MiB,15.58GiB,1.94
1790978306.955496,benchmark-laravel-app-1,175.91,50.4MiB,2GiB,2.46
1790978306.955832,benchmark-laravel-nginx-1,12.66,10.66MiB,256MiB,4.16
1790978306.956212,benchmark-postgres-1,23.24,382.2MiB,2GiB,18.66
1790978306.956488,benchmark-jmeter-measure,25.46,310.1MiB,15.58GiB,1.94
1790978306.956790,benchmark-laravel-app-1,175.91,50.4MiB,2GiB,2.46
1790978306.957103,benchmark-laravel-nginx-1,12.66,10.66MiB,256MiB,4.16
1790978306.957402,benchmark-postgres-1,23.24,382.2MiB,2GiB,18.66
1790978306.957680,benchmark-jmeter-measure,25.46,310.1MiB,15.58GiB,1.94
1790978307.454885,benchmark-laravel-app-1,175.91,50.4MiB,2GiB,2.46
1790978307.455318,benchmark-laravel-nginx-1,12.66,10.66MiB,256MiB,4.16
1790978307.455712,benchmark-postgres-1,23.24,382.2MiB,2GiB,18.66
1790978307.456140,benchmark-jmeter-measure,25.46,310.1MiB,15.58GiB,1.94
1790978307.456483,benchmark-laravel-app-1,175.91,50.4MiB,2GiB,2.46
1790978307.456819,benchmark-laravel-nginx-1,12.66,10.66MiB,256MiB,4.16
1790978307.457217,benchmark-postgres-1,23.24,382.2MiB,2GiB,18.66
1790978307.457510,benchmark-jmeter-measure,25.46,310.1MiB,15.58GiB,1.94
1790978307.954967,benchmark-laravel-app-1,174.07,50.41MiB,2GiB,2.46
1790978307.955436,benchmark-laravel-nginx-1,9.76,10.62MiB,256MiB,4.15
1790978307.955778,benchmark-postgres-1,23.10,382.3MiB,2GiB,18.67
1790978307.956051,benchmark-jmeter-measure,6.40,310.7MiB,15.58GiB,1.95
1790978307.956359,benchmark-laravel-app-1,174.07,50.41MiB,2GiB,2.46
1790978307.956657,benchmark-laravel-nginx-1,9.76,10.62MiB,256MiB,4.15
1790978307.956967,benchmark-postgres-1,23.10,382.3MiB,2GiB,18.67
1790978307.957288,benchmark-jmeter-measure,6.40,310.7MiB,15.58GiB,1.95
1790978308.455562,benchmark-laravel-app-1,174.07,50.41MiB,2GiB,2.46
1790978308.455979,benchmark-laravel-nginx-1,9.76,10.62MiB,256MiB,4.15
1790978308.456310,benchmark-postgres-1,23.10,382.3MiB,2GiB,18.67
1790978308.456600,benchmark-jmeter-measure,6.40,310.7MiB,15.58GiB,1.95
1790978308.456923,benchmark-laravel-app-1,174.07,50.41MiB,2GiB,2.46
1790978308.457387,benchmark-laravel-nginx-1,9.76,10.62MiB,256MiB,4.15
1790978308.457866,benchmark-postgres-1,23.10,382.3MiB,2GiB,18.67
1790978308.458304,benchmark-jmeter-measure,6.40,310.7MiB,15.58GiB,1.95
1790978308.955480,benchmark-laravel-app-1,176.98,50.38MiB,2GiB,2.46
1790978308.955835,benchmark-laravel-nginx-1,10.14,10.64MiB,256MiB,4.15
1790978308.956142,benchmark-postgres-1,24.04,382.2MiB,2GiB,18.66
1790978308.956412,benchmark-jmeter-measure,8.23,322.6MiB,15.58GiB,2.02
1790978308.956808,benchmark-laravel-app-1,176.98,50.38MiB,2GiB,2.46
1790978308.957155,benchmark-laravel-nginx-1,10.14,10.64MiB,256MiB,4.15
1790978308.957473,benchmark-postgres-1,24.04,382.2MiB,2GiB,18.66
1790978308.957742,benchmark-jmeter-measure,8.23,322.6MiB,15.58GiB,2.02
1790978309.454910,benchmark-laravel-app-1,176.98,50.38MiB,2GiB,2.46
1790978309.455319,benchmark-laravel-nginx-1,10.14,10.64MiB,256MiB,4.15
1790978309.455712,benchmark-postgres-1,24.04,382.2MiB,2GiB,18.66
1790978309.455983,benchmark-jmeter-measure,8.23,322.6MiB,15.58GiB,2.02
1790978309.456284,benchmark-laravel-app-1,176.98,50.38MiB,2GiB,2.46
1790978309.456632,benchmark-laravel-nginx-1,10.14,10.64MiB,256MiB,4.15
1790978309.456942,benchmark-postgres-1,24.04,382.2MiB,2GiB,18.66
1790978309.457212,benchmark-jmeter-measure,8.23,322.6MiB,15.58GiB,2.02
1790978309.955469,benchmark-laravel-app-1,177.04,50.4MiB,2GiB,2.46
1790978309.955862,benchmark-laravel-nginx-1,9.84,10.62MiB,256MiB,4.15
1790978309.956165,benchmark-postgres-1,28.24,382.2MiB,2GiB,18.66
1790978309.956445,benchmark-jmeter-measure,84.67,352.1MiB,15.58GiB,2.21
1790978309.956773,benchmark-laravel-app-1,177.04,50.4MiB,2GiB,2.46
1790978309.957075,benchmark-laravel-nginx-1,9.84,10.62MiB,256MiB,4.15
1790978309.957373,benchmark-postgres-1,28.24,382.2MiB,2GiB,18.66
1790978309.957668,benchmark-jmeter-measure,84.67,352.1MiB,15.58GiB,2.21
1790978310.455744,benchmark-laravel-app-1,177.04,50.4MiB,2GiB,2.46
1790978310.456092,benchmark-laravel-nginx-1,9.84,10.62MiB,256MiB,4.15
1790978310.456395,benchmark-postgres-1,28.24,382.2MiB,2GiB,18.66
1790978310.456662,benchmark-jmeter-measure,84.67,352.1MiB,15.58GiB,2.21
1790978310.456987,benchmark-laravel-app-1,177.04,50.4MiB,2GiB,2.46
1790978310.457306,benchmark-laravel-nginx-1,9.84,10.62MiB,256MiB,4.15
1790978310.457607,benchmark-postgres-1,28.24,382.2MiB,2GiB,18.66
1790978310.457893,benchmark-jmeter-measure,84.67,352.1MiB,15.58GiB,2.21
1790978310.955877,benchmark-laravel-app-1,175.60,50.64MiB,2GiB,2.47
1790978310.956224,benchmark-laravel-nginx-1,10.14,10.63MiB,256MiB,4.15
1790978310.956570,benchmark-postgres-1,23.16,382.5MiB,2GiB,18.68
1790978310.956851,benchmark-jmeter-measure,6.85,352.6MiB,15.58GiB,2.21
1790978310.957157,benchmark-laravel-app-1,175.60,50.64MiB,2GiB,2.47
1790978310.957473,benchmark-laravel-nginx-1,10.14,10.63MiB,256MiB,4.15
1790978310.957774,benchmark-postgres-1,23.16,382.5MiB,2GiB,18.68
1790978310.958043,benchmark-jmeter-measure,6.85,352.6MiB,15.58GiB,2.21
1790978311.455429,benchmark-laravel-app-1,175.60,50.64MiB,2GiB,2.47
1790978311.455772,benchmark-laravel-nginx-1,10.14,10.63MiB,256MiB,4.15
1790978311.456103,benchmark-postgres-1,23.16,382.5MiB,2GiB,18.68
1790978311.456385,benchmark-jmeter-measure,6.85,352.6MiB,15.58GiB,2.21
1790978311.456712,benchmark-laravel-app-1,175.60,50.64MiB,2GiB,2.47
1790978311.457037,benchmark-laravel-nginx-1,10.14,10.63MiB,256MiB,4.15
1790978311.457338,benchmark-postgres-1,23.16,382.5MiB,2GiB,18.68
1790978311.457609,benchmark-jmeter-measure,6.85,352.6MiB,15.58GiB,2.21
1790978311.955083,benchmark-laravel-app-1,176.51,50.39MiB,2GiB,2.46
1790978311.955763,benchmark-laravel-nginx-1,12.79,10.64MiB,256MiB,4.16
1790978311.956112,benchmark-postgres-1,24.21,382.7MiB,2GiB,18.69
1790978311.956451,benchmark-jmeter-measure,6.04,352.1MiB,15.58GiB,2.21
1790978311.956782,benchmark-laravel-app-1,176.51,50.39MiB,2GiB,2.46
1790978311.957101,benchmark-laravel-nginx-1,12.79,10.64MiB,256MiB,4.16
1790978311.957403,benchmark-postgres-1,24.21,382.7MiB,2GiB,18.69
1790978311.957670,benchmark-jmeter-measure,6.04,352.1MiB,15.58GiB,2.21
1790978312.455545,benchmark-laravel-app-1,176.51,50.39MiB,2GiB,2.46
1790978312.455974,benchmark-laravel-nginx-1,12.79,10.64MiB,256MiB,4.16
1790978312.456349,benchmark-postgres-1,24.21,382.7MiB,2GiB,18.69
1790978312.456687,benchmark-jmeter-measure,6.04,352.1MiB,15.58GiB,2.21
1790978312.457041,benchmark-laravel-app-1,176.51,50.39MiB,2GiB,2.46
1790978312.457349,benchmark-laravel-nginx-1,12.79,10.64MiB,256MiB,4.16
1790978312.457679,benchmark-postgres-1,24.21,382.7MiB,2GiB,18.69
1790978312.457946,benchmark-jmeter-measure,6.04,352.1MiB,15.58GiB,2.21
1790978312.955781,benchmark-laravel-app-1,176.22,50.4MiB,2GiB,2.46
1790978312.956504,benchmark-laravel-nginx-1,10.43,10.64MiB,256MiB,4.15
1790978312.957010,benchmark-postgres-1,24.32,382.6MiB,2GiB,18.68
1790978312.957437,benchmark-jmeter-measure,6.06,352.1MiB,15.58GiB,2.21
1790978312.957932,benchmark-laravel-app-1,176.22,50.4MiB,2GiB,2.46
1790978312.958403,benchmark-laravel-nginx-1,10.43,10.64MiB,256MiB,4.15
1790978312.958726,benchmark-postgres-1,24.32,382.6MiB,2GiB,18.68
1790978312.959012,benchmark-jmeter-measure,6.06,352.1MiB,15.58GiB,2.21
1790978313.455274,benchmark-laravel-app-1,176.22,50.4MiB,2GiB,2.46
1790978313.455635,benchmark-laravel-nginx-1,10.43,10.64MiB,256MiB,4.15
1790978313.455965,benchmark-postgres-1,24.32,382.6MiB,2GiB,18.68
1790978313.456232,benchmark-jmeter-measure,6.06,352.1MiB,15.58GiB,2.21
1790978313.456533,benchmark-laravel-app-1,176.22,50.4MiB,2GiB,2.46
1790978313.456844,benchmark-laravel-nginx-1,10.43,10.64MiB,256MiB,4.15
1790978313.457153,benchmark-postgres-1,24.32,382.6MiB,2GiB,18.68
1790978313.457420,benchmark-jmeter-measure,6.06,352.1MiB,15.58GiB,2.21
1790978313.955705,benchmark-laravel-app-1,175.96,50.39MiB,2GiB,2.46
1790978313.956094,benchmark-laravel-nginx-1,10.32,10.64MiB,256MiB,4.16
1790978313.956599,benchmark-postgres-1,24.17,382.5MiB,2GiB,18.68
1790978313.957010,benchmark-jmeter-measure,5.98,352.1MiB,15.58GiB,2.21
1790978313.957355,benchmark-laravel-app-1,175.96,50.39MiB,2GiB,2.46
1790978313.957747,benchmark-laravel-nginx-1,10.32,10.64MiB,256MiB,4.16
1790978313.958084,benchmark-postgres-1,24.17,382.5MiB,2GiB,18.68
1790978313.958379,benchmark-jmeter-measure,5.98,352.1MiB,15.58GiB,2.21
1790978314.455279,benchmark-laravel-app-1,175.96,50.39MiB,2GiB,2.46
1790978314.455699,benchmark-laravel-nginx-1,10.32,10.64MiB,256MiB,4.16
1790978314.456006,benchmark-postgres-1,24.17,382.5MiB,2GiB,18.68
1790978314.456272,benchmark-jmeter-measure,5.98,352.1MiB,15.58GiB,2.21
1790978314.456599,benchmark-laravel-app-1,175.96,50.39MiB,2GiB,2.46
1790978314.456912,benchmark-laravel-nginx-1,10.32,10.64MiB,256MiB,4.16
1790978314.457238,benchmark-postgres-1,24.17,382.5MiB,2GiB,18.68
1790978314.457525,benchmark-jmeter-measure,5.98,352.1MiB,15.58GiB,2.21
1790978314.955656,benchmark-laravel-app-1,176.64,50.39MiB,2GiB,2.46
1790978314.955998,benchmark-laravel-nginx-1,10.13,10.63MiB,256MiB,4.15
1790978314.956301,benchmark-postgres-1,29.07,382.3MiB,2GiB,18.67
1790978314.956582,benchmark-jmeter-measure,5.98,352.1MiB,15.58GiB,2.21
1790978314.956883,benchmark-laravel-app-1,176.64,50.39MiB,2GiB,2.46
1790978314.957311,benchmark-laravel-nginx-1,10.13,10.63MiB,256MiB,4.15
1790978314.957745,benchmark-postgres-1,29.07,382.3MiB,2GiB,18.67
1790978314.958086,benchmark-jmeter-measure,5.98,352.1MiB,15.58GiB,2.21
1790978315.455371,benchmark-laravel-app-1,176.64,50.39MiB,2GiB,2.46
1790978315.455921,benchmark-laravel-nginx-1,10.13,10.63MiB,256MiB,4.15
1790978315.456399,benchmark-postgres-1,29.07,382.3MiB,2GiB,18.67
1790978315.456824,benchmark-jmeter-measure,5.98,352.1MiB,15.58GiB,2.21
1790978315.457321,benchmark-laravel-app-1,176.64,50.39MiB,2GiB,2.46
1790978315.457790,benchmark-laravel-nginx-1,10.13,10.63MiB,256MiB,4.15
1790978315.458283,benchmark-postgres-1,29.07,382.3MiB,2GiB,18.67
1790978315.458689,benchmark-jmeter-measure,5.98,352.1MiB,15.58GiB,2.21
1790978315.955455,benchmark-laravel-app-1,173.87,50.63MiB,2GiB,2.47
1790978315.955796,benchmark-laravel-nginx-1,10.31,10.63MiB,256MiB,4.15
1790978315.956100,benchmark-postgres-1,24.24,382.2MiB,2GiB,18.66
1790978315.956382,benchmark-jmeter-measure,6.25,352.1MiB,15.58GiB,2.21
1790978315.956683,benchmark-laravel-app-1,173.87,50.63MiB,2GiB,2.47
1790978315.956997,benchmark-laravel-nginx-1,10.31,10.63MiB,256MiB,4.15
1790978315.957321,benchmark-postgres-1,24.24,382.2MiB,2GiB,18.66
1790978315.957588,benchmark-jmeter-measure,6.25,352.1MiB,15.58GiB,2.21
1790978316.455950,benchmark-laravel-app-1,173.87,50.63MiB,2GiB,2.47
1790978316.456415,benchmark-laravel-nginx-1,10.31,10.63MiB,256MiB,4.15
1790978316.456758,benchmark-postgres-1,24.24,382.2MiB,2GiB,18.66
1790978316.457109,benchmark-jmeter-measure,6.25,352.1MiB,15.58GiB,2.21
1790978316.457470,benchmark-laravel-app-1,173.87,50.63MiB,2GiB,2.47
1790978316.457788,benchmark-laravel-nginx-1,10.31,10.63MiB,256MiB,4.15
1790978316.458090,benchmark-postgres-1,24.24,382.2MiB,2GiB,18.66
1790978316.458426,benchmark-jmeter-measure,6.25,352.1MiB,15.58GiB,2.21
1790978316.955792,benchmark-laravel-app-1,175.98,50.4MiB,2GiB,2.46
1790978316.956168,benchmark-laravel-nginx-1,12.54,10.64MiB,256MiB,4.15
1790978316.956472,benchmark-postgres-1,23.30,382.5MiB,2GiB,18.68
1790978316.956738,benchmark-jmeter-measure,6.22,352.2MiB,15.58GiB,2.21
1790978316.957052,benchmark-laravel-app-1,175.98,50.4MiB,2GiB,2.46
1790978316.957352,benchmark-laravel-nginx-1,12.54,10.64MiB,256MiB,4.15
1790978316.957650,benchmark-postgres-1,23.30,382.5MiB,2GiB,18.68
1790978316.957930,benchmark-jmeter-measure,6.22,352.2MiB,15.58GiB,2.21
1790978317.455196,benchmark-laravel-app-1,175.98,50.4MiB,2GiB,2.46
1790978317.455592,benchmark-laravel-nginx-1,12.54,10.64MiB,256MiB,4.15
1790978317.455928,benchmark-postgres-1,23.30,382.5MiB,2GiB,18.68
1790978317.456196,benchmark-jmeter-measure,6.22,352.2MiB,15.58GiB,2.21
1790978317.456499,benchmark-laravel-app-1,175.98,50.4MiB,2GiB,2.46
1790978317.456858,benchmark-laravel-nginx-1,12.54,10.64MiB,256MiB,4.15
1790978317.457217,benchmark-postgres-1,23.30,382.5MiB,2GiB,18.68
1790978317.457587,benchmark-jmeter-measure,6.22,352.2MiB,15.58GiB,2.21
1790978319.021635,benchmark-laravel-app-1,179.97,50.38MiB,2GiB,2.46
1790978319.021974,benchmark-laravel-nginx-1,9.26,10.62MiB,256MiB,4.15
1790978319.022273,benchmark-postgres-1,22.46,382.3MiB,2GiB,18.67
1790978319.022572,benchmark-jmeter-measure,6.31,352.5MiB,15.58GiB,2.21
1790978319.022884,benchmark-laravel-app-1,179.97,50.38MiB,2GiB,2.46
1790978319.023189,benchmark-laravel-nginx-1,9.26,10.62MiB,256MiB,4.15
1790978319.023503,benchmark-postgres-1,22.46,382.3MiB,2GiB,18.67
1790978319.023772,benchmark-jmeter-measure,6.31,352.5MiB,15.58GiB,2.21
1790978319.521852,benchmark-laravel-app-1,179.97,50.38MiB,2GiB,2.46
1790978319.522193,benchmark-laravel-nginx-1,9.26,10.62MiB,256MiB,4.15
1790978319.522510,benchmark-postgres-1,22.46,382.3MiB,2GiB,18.67
1790978319.522781,benchmark-jmeter-measure,6.31,352.5MiB,15.58GiB,2.21
1790978319.523084,benchmark-laravel-app-1,179.97,50.38MiB,2GiB,2.46
1790978319.523383,benchmark-laravel-nginx-1,9.26,10.62MiB,256MiB,4.15
1790978319.523694,benchmark-postgres-1,22.46,382.3MiB,2GiB,18.67
1790978319.523960,benchmark-jmeter-measure,6.31,352.5MiB,15.58GiB,2.21
1790978320.021767,benchmark-laravel-app-1,175.06,50.39MiB,2GiB,2.46
1790978320.022255,benchmark-laravel-nginx-1,10.16,10.62MiB,256MiB,4.15
1790978320.022574,benchmark-postgres-1,24.08,382.5MiB,2GiB,18.68
1790978320.022861,benchmark-jmeter-measure,7.41,364.3MiB,15.58GiB,2.28
1790978320.023176,benchmark-laravel-app-1,175.06,50.39MiB,2GiB,2.46
1790978320.023475,benchmark-laravel-nginx-1,10.16,10.62MiB,256MiB,4.15
1790978320.023774,benchmark-postgres-1,24.08,382.5MiB,2GiB,18.68
1790978320.024111,benchmark-jmeter-measure,7.41,364.3MiB,15.58GiB,2.28
1790978320.521386,benchmark-laravel-app-1,175.06,50.39MiB,2GiB,2.46
1790978320.521835,benchmark-laravel-nginx-1,10.16,10.62MiB,256MiB,4.15
1790978320.522164,benchmark-postgres-1,24.08,382.5MiB,2GiB,18.68
1790978320.522435,benchmark-jmeter-measure,7.41,364.3MiB,15.58GiB,2.28
1790978320.522759,benchmark-laravel-app-1,175.06,50.39MiB,2GiB,2.46
1790978320.523061,benchmark-laravel-nginx-1,10.16,10.62MiB,256MiB,4.15
1790978320.523360,benchmark-postgres-1,24.08,382.5MiB,2GiB,18.68
1790978320.523626,benchmark-jmeter-measure,7.41,364.3MiB,15.58GiB,2.28
1790978321.021919,benchmark-laravel-app-1,176.13,50.39MiB,2GiB,2.46
1790978321.022273,benchmark-laravel-nginx-1,10.16,10.62MiB,256MiB,4.15
1790978321.022575,benchmark-postgres-1,26.37,383.8MiB,2GiB,18.74
1790978321.022846,benchmark-jmeter-measure,7.10,376.9MiB,15.58GiB,2.36
1790978321.023177,benchmark-laravel-app-1,176.13,50.39MiB,2GiB,2.46
1790978321.023485,benchmark-laravel-nginx-1,10.16,10.62MiB,256MiB,4.15
1790978321.023807,benchmark-postgres-1,26.37,383.8MiB,2GiB,18.74
1790978321.024077,benchmark-jmeter-measure,7.10,376.9MiB,15.58GiB,2.36
1790978321.521624,benchmark-laravel-app-1,176.13,50.39MiB,2GiB,2.46
1790978321.521975,benchmark-laravel-nginx-1,10.16,10.62MiB,256MiB,4.15
1790978321.522291,benchmark-postgres-1,26.37,383.8MiB,2GiB,18.74
1790978321.522559,benchmark-jmeter-measure,7.10,376.9MiB,15.58GiB,2.36
1790978321.522861,benchmark-laravel-app-1,176.13,50.39MiB,2GiB,2.46
1790978321.523176,benchmark-laravel-nginx-1,10.16,10.62MiB,256MiB,4.15
1790978321.523478,benchmark-postgres-1,26.37,383.8MiB,2GiB,18.74
1790978321.523745,benchmark-jmeter-measure,7.10,376.9MiB,15.58GiB,2.36
1790978322.021814,benchmark-laravel-app-1,175.19,50.4MiB,2GiB,2.46
1790978322.022157,benchmark-laravel-nginx-1,10.17,10.64MiB,256MiB,4.15
1790978322.022459,benchmark-postgres-1,26.99,382.2MiB,2GiB,18.66
1790978322.022758,benchmark-jmeter-measure,7.06,389.2MiB,15.58GiB,2.44
1790978322.023067,benchmark-laravel-app-1,175.19,50.4MiB,2GiB,2.46
1790978322.023370,benchmark-laravel-nginx-1,10.17,10.64MiB,256MiB,4.15
1790978322.023683,benchmark-postgres-1,26.99,382.2MiB,2GiB,18.66
1790978322.024057,benchmark-jmeter-measure,7.06,389.2MiB,15.58GiB,2.44
1790978322.521327,benchmark-laravel-app-1,175.19,50.4MiB,2GiB,2.46
1790978322.521774,benchmark-laravel-nginx-1,10.17,10.64MiB,256MiB,4.15
1790978322.522113,benchmark-postgres-1,26.99,382.2MiB,2GiB,18.66
1790978322.522433,benchmark-jmeter-measure,7.06,389.2MiB,15.58GiB,2.44
1790978322.522740,benchmark-laravel-app-1,175.19,50.4MiB,2GiB,2.46
1790978322.523042,benchmark-laravel-nginx-1,10.17,10.64MiB,256MiB,4.15
1790978322.523341,benchmark-postgres-1,26.99,382.2MiB,2GiB,18.66
1790978322.523701,benchmark-jmeter-measure,7.06,389.2MiB,15.58GiB,2.44
1790978323.020853,benchmark-laravel-app-1,175.60,50.38MiB,2GiB,2.46
1790978323.021208,benchmark-laravel-nginx-1,12.87,10.63MiB,256MiB,4.15
1790978323.021548,benchmark-postgres-1,24.51,382.4MiB,2GiB,18.67
1790978323.021825,benchmark-jmeter-measure,7.14,401.8MiB,15.58GiB,2.52
1790978323.022139,benchmark-laravel-app-1,175.60,50.38MiB,2GiB,2.46
1790978323.022449,benchmark-laravel-nginx-1,12.87,10.63MiB,256MiB,4.15
1790978323.022747,benchmark-postgres-1,24.51,382.4MiB,2GiB,18.67
1790978323.023030,benchmark-jmeter-measure,7.14,401.8MiB,15.58GiB,2.52
1790978323.521493,benchmark-laravel-app-1,175.60,50.38MiB,2GiB,2.46
1790978323.521862,benchmark-laravel-nginx-1,12.87,10.63MiB,256MiB,4.15
1790978323.522169,benchmark-postgres-1,24.51,382.4MiB,2GiB,18.67
1790978323.522452,benchmark-jmeter-measure,7.14,401.8MiB,15.58GiB,2.52
1790978323.522771,benchmark-laravel-app-1,175.60,50.38MiB,2GiB,2.46
1790978323.523128,benchmark-laravel-nginx-1,12.87,10.63MiB,256MiB,4.15
1790978323.523489,benchmark-postgres-1,24.51,382.4MiB,2GiB,18.67
1790978323.523761,benchmark-jmeter-measure,7.14,401.8MiB,15.58GiB,2.52
1790978324.021313,benchmark-laravel-app-1,175.19,50.39MiB,2GiB,2.46
1790978324.021691,benchmark-laravel-nginx-1,10.36,10.62MiB,256MiB,4.15
1790978324.021997,benchmark-postgres-1,24.30,382.2MiB,2GiB,18.66
1790978324.022262,benchmark-jmeter-measure,6.92,414.8MiB,15.58GiB,2.60
1790978324.022562,benchmark-laravel-app-1,175.19,50.39MiB,2GiB,2.46
1790978324.022859,benchmark-laravel-nginx-1,10.36,10.62MiB,256MiB,4.15
1790978324.023169,benchmark-postgres-1,24.30,382.2MiB,2GiB,18.66
1790978324.023433,benchmark-jmeter-measure,6.92,414.8MiB,15.58GiB,2.60
1790978324.521818,benchmark-laravel-app-1,175.19,50.39MiB,2GiB,2.46
1790978324.522228,benchmark-laravel-nginx-1,10.36,10.62MiB,256MiB,4.15
1790978324.522610,benchmark-postgres-1,24.30,382.2MiB,2GiB,18.66
1790978324.522889,benchmark-jmeter-measure,6.92,414.8MiB,15.58GiB,2.60
1790978324.523206,benchmark-laravel-app-1,175.19,50.39MiB,2GiB,2.46
1790978324.523558,benchmark-laravel-nginx-1,10.36,10.62MiB,256MiB,4.15
1790978324.523913,benchmark-postgres-1,24.30,382.2MiB,2GiB,18.66
1790978324.524211,benchmark-jmeter-measure,6.92,414.8MiB,15.58GiB,2.60
1790978325.021869,benchmark-laravel-app-1,177.70,50.39MiB,2GiB,2.46
1790978325.022210,benchmark-laravel-nginx-1,10.18,10.63MiB,256MiB,4.15
1790978325.022511,benchmark-postgres-1,23.61,382.2MiB,2GiB,18.66
1790978325.022790,benchmark-jmeter-measure,7.03,426.6MiB,15.58GiB,2.67
1790978325.023091,benchmark-laravel-app-1,177.70,50.39MiB,2GiB,2.46
1790978325.023389,benchmark-laravel-nginx-1,10.18,10.63MiB,256MiB,4.15
1790978325.023731,benchmark-postgres-1,23.61,382.2MiB,2GiB,18.66
1790978325.024011,benchmark-jmeter-measure,7.03,426.6MiB,15.58GiB,2.67
1790978325.521296,benchmark-laravel-app-1,177.70,50.39MiB,2GiB,2.46
1790978325.521687,benchmark-laravel-nginx-1,10.18,10.63MiB,256MiB,4.15
1790978325.522012,benchmark-postgres-1,23.61,382.2MiB,2GiB,18.66
1790978325.522294,benchmark-jmeter-measure,7.03,426.6MiB,15.58GiB,2.67
1790978325.522597,benchmark-laravel-app-1,177.70,50.39MiB,2GiB,2.46
1790978325.522923,benchmark-laravel-nginx-1,10.18,10.63MiB,256MiB,4.15
1790978325.523224,benchmark-postgres-1,23.61,382.2MiB,2GiB,18.66
1790978325.523491,benchmark-jmeter-measure,7.03,426.6MiB,15.58GiB,2.67
1790978326.021396,benchmark-laravel-app-1,175.00,50.63MiB,2GiB,2.47
1790978326.021866,benchmark-laravel-nginx-1,9.87,10.62MiB,256MiB,4.15
1790978326.022327,benchmark-postgres-1,23.77,382.5MiB,2GiB,18.68
1790978326.022696,benchmark-jmeter-measure,7.63,439MiB,15.58GiB,2.75
1790978326.023171,benchmark-laravel-app-1,175.00,50.63MiB,2GiB,2.47
1790978326.023646,benchmark-laravel-nginx-1,9.87,10.62MiB,256MiB,4.15
1790978326.024068,benchmark-postgres-1,23.77,382.5MiB,2GiB,18.68
1790978326.024384,benchmark-jmeter-measure,7.63,439MiB,15.58GiB,2.75
1790978326.521329,benchmark-laravel-app-1,175.00,50.63MiB,2GiB,2.47
1790978326.521761,benchmark-laravel-nginx-1,9.87,10.62MiB,256MiB,4.15
1790978326.522079,benchmark-postgres-1,23.77,382.5MiB,2GiB,18.68
1790978326.522357,benchmark-jmeter-measure,7.63,439MiB,15.58GiB,2.75
1790978326.522660,benchmark-laravel-app-1,175.00,50.63MiB,2GiB,2.47
1790978326.522958,benchmark-laravel-nginx-1,9.87,10.62MiB,256MiB,4.15
1790978326.523269,benchmark-postgres-1,23.77,382.5MiB,2GiB,18.68
1790978326.523534,benchmark-jmeter-measure,7.63,439MiB,15.58GiB,2.75
1790978327.021669,benchmark-laravel-app-1,176.54,50.39MiB,2GiB,2.46
1790978327.022019,benchmark-laravel-nginx-1,9.43,10.63MiB,256MiB,4.15
1790978327.022322,benchmark-postgres-1,27.14,382.3MiB,2GiB,18.67
1790978327.022588,benchmark-jmeter-measure,7.96,449.1MiB,15.58GiB,2.81
1790978327.022903,benchmark-laravel-app-1,176.54,50.39MiB,2GiB,2.46
1790978327.023203,benchmark-laravel-nginx-1,9.43,10.63MiB,256MiB,4.15
1790978327.023580,benchmark-postgres-1,27.14,382.3MiB,2GiB,18.67
1790978327.024030,benchmark-jmeter-measure,7.96,449.1MiB,15.58GiB,2.81
1790978327.521086,benchmark-laravel-app-1,176.54,50.39MiB,2GiB,2.46
1790978327.521552,benchmark-laravel-nginx-1,9.43,10.63MiB,256MiB,4.15
1790978327.521987,benchmark-postgres-1,27.14,382.3MiB,2GiB,18.67
1790978327.522585,benchmark-jmeter-measure,7.96,449.1MiB,15.58GiB,2.81
1790978327.523058,benchmark-laravel-app-1,176.54,50.39MiB,2GiB,2.46
1790978327.523507,benchmark-laravel-nginx-1,9.43,10.63MiB,256MiB,4.15
1790978327.523892,benchmark-postgres-1,27.14,382.3MiB,2GiB,18.67
1790978327.524223,benchmark-jmeter-measure,7.96,449.1MiB,15.58GiB,2.81
1790978328.021730,benchmark-laravel-app-1,177.93,50.65MiB,2GiB,2.47
1790978328.022081,benchmark-laravel-nginx-1,13.88,10.63MiB,256MiB,4.15
1790978328.022382,benchmark-postgres-1,21.46,382.2MiB,2GiB,18.66
1790978328.022647,benchmark-jmeter-measure,7.44,458.5MiB,15.58GiB,2.87
1790978328.022991,benchmark-laravel-app-1,177.93,50.65MiB,2GiB,2.47
1790978328.023293,benchmark-laravel-nginx-1,13.88,10.63MiB,256MiB,4.15
1790978328.023604,benchmark-postgres-1,21.46,382.2MiB,2GiB,18.66
1790978328.024004,benchmark-jmeter-measure,7.44,458.5MiB,15.58GiB,2.87
1790978328.521818,benchmark-laravel-app-1,177.93,50.65MiB,2GiB,2.47
1790978328.522284,benchmark-laravel-nginx-1,13.88,10.63MiB,256MiB,4.15
1790978328.522701,benchmark-postgres-1,21.46,382.2MiB,2GiB,18.66
1790978328.523053,benchmark-jmeter-measure,7.44,458.5MiB,15.58GiB,2.87
1790978328.523474,benchmark-laravel-app-1,177.93,50.65MiB,2GiB,2.47
1790978328.523902,benchmark-laravel-nginx-1,13.88,10.63MiB,256MiB,4.15
1790978328.524339,benchmark-postgres-1,21.46,382.2MiB,2GiB,18.66
1790978328.524720,benchmark-jmeter-measure,7.44,458.5MiB,15.58GiB,2.87
1790978329.021936,benchmark-laravel-app-1,177.97,50.39MiB,2GiB,2.46
1790978329.022284,benchmark-laravel-nginx-1,9.47,10.63MiB,256MiB,4.15
1790978329.022586,benchmark-postgres-1,22.36,382.2MiB,2GiB,18.66
1790978329.022850,benchmark-jmeter-measure,10.66,469MiB,15.58GiB,2.94
1790978329.023161,benchmark-laravel-app-1,177.97,50.39MiB,2GiB,2.46
1790978329.023462,benchmark-laravel-nginx-1,9.47,10.63MiB,256MiB,4.15
1790978329.023877,benchmark-postgres-1,22.36,382.2MiB,2GiB,18.66
1790978329.024165,benchmark-jmeter-measure,10.66,469MiB,15.58GiB,2.94
1790978329.521470,benchmark-laravel-app-1,177.97,50.39MiB,2GiB,2.46
1790978329.521876,benchmark-laravel-nginx-1,9.47,10.63MiB,256MiB,4.15
1790978329.522191,benchmark-postgres-1,22.36,382.2MiB,2GiB,18.66
1790978329.522460,benchmark-jmeter-measure,10.66,469MiB,15.58GiB,2.94
1790978329.522808,benchmark-laravel-app-1,177.97,50.39MiB,2GiB,2.46
1790978329.523226,benchmark-laravel-nginx-1,9.47,10.63MiB,256MiB,4.15
1790978329.523634,benchmark-postgres-1,22.36,382.2MiB,2GiB,18.66
1790978329.523969,benchmark-jmeter-measure,10.66,469MiB,15.58GiB,2.94
1790978330.021372,benchmark-laravel-app-1,176.14,50.41MiB,2GiB,2.46
1790978330.021936,benchmark-laravel-nginx-1,9.47,10.62MiB,256MiB,4.15
1790978330.022409,benchmark-postgres-1,22.69,382.6MiB,2GiB,18.68
1790978330.022768,benchmark-jmeter-measure,11.32,479.9MiB,15.58GiB,3.01
1790978330.023111,benchmark-laravel-app-1,176.14,50.41MiB,2GiB,2.46
1790978330.023414,benchmark-laravel-nginx-1,9.47,10.62MiB,256MiB,4.15
1790978330.023715,benchmark-postgres-1,22.69,382.6MiB,2GiB,18.68
1790978330.023999,benchmark-jmeter-measure,11.32,479.9MiB,15.58GiB,3.01
1790978330.521738,benchmark-laravel-app-1,176.14,50.41MiB,2GiB,2.46
1790978330.522075,benchmark-laravel-nginx-1,9.47,10.62MiB,256MiB,4.15
1790978330.522377,benchmark-postgres-1,22.69,382.6MiB,2GiB,18.68
1790978330.522661,benchmark-jmeter-measure,11.32,479.9MiB,15.58GiB,3.01
1790978330.522971,benchmark-laravel-app-1,176.14,50.41MiB,2GiB,2.46
1790978330.523269,benchmark-laravel-nginx-1,9.47,10.62MiB,256MiB,4.15
1790978330.523566,benchmark-postgres-1,22.69,382.6MiB,2GiB,18.68
1790978330.523844,benchmark-jmeter-measure,11.32,479.9MiB,15.58GiB,3.01
1790978331.021562,benchmark-laravel-app-1,177.17,50.42MiB,2GiB,2.46
1790978331.022037,benchmark-laravel-nginx-1,9.74,10.63MiB,256MiB,4.15
1790978331.022461,benchmark-postgres-1,22.95,382.2MiB,2GiB,18.66
1790978331.022738,benchmark-jmeter-measure,7.94,490.9MiB,15.58GiB,3.08
1790978331.023116,benchmark-laravel-app-1,177.17,50.42MiB,2GiB,2.46
1790978331.023424,benchmark-laravel-nginx-1,9.74,10.63MiB,256MiB,4.15
1790978331.023775,benchmark-postgres-1,22.95,382.2MiB,2GiB,18.66
1790978331.024107,benchmark-jmeter-measure,7.94,490.9MiB,15.58GiB,3.08
1790978331.520926,benchmark-laravel-app-1,177.17,50.42MiB,2GiB,2.46
1790978331.521287,benchmark-laravel-nginx-1,9.74,10.63MiB,256MiB,4.15
1790978331.521648,benchmark-postgres-1,22.95,382.2MiB,2GiB,18.66
1790978331.521928,benchmark-jmeter-measure,7.94,490.9MiB,15.58GiB,3.08
1790978331.522245,benchmark-laravel-app-1,177.17,50.42MiB,2GiB,2.46
1790978331.522546,benchmark-laravel-nginx-1,9.74,10.63MiB,256MiB,4.15
1790978331.522856,benchmark-postgres-1,22.95,382.2MiB,2GiB,18.66
1790978331.523122,benchmark-jmeter-measure,7.94,490.9MiB,15.58GiB,3.08
1790978332.021940,benchmark-laravel-app-1,176.16,50.65MiB,2GiB,2.47
1790978332.022339,benchmark-laravel-nginx-1,9.91,10.63MiB,256MiB,4.15
1790978332.022675,benchmark-postgres-1,30.13,382.5MiB,2GiB,18.67
1790978332.022969,benchmark-jmeter-measure,7.39,502.3MiB,15.58GiB,3.15
1790978332.023283,benchmark-laravel-app-1,176.16,50.65MiB,2GiB,2.47
1790978332.023580,benchmark-laravel-nginx-1,9.91,10.63MiB,256MiB,4.15
1790978332.023894,benchmark-postgres-1,30.13,382.5MiB,2GiB,18.67
1790978332.024161,benchmark-jmeter-measure,7.39,502.3MiB,15.58GiB,3.15
1790978332.521633,benchmark-laravel-app-1,176.16,50.65MiB,2GiB,2.47
1790978332.522135,benchmark-laravel-nginx-1,9.91,10.63MiB,256MiB,4.15
1790978332.522631,benchmark-postgres-1,30.13,382.5MiB,2GiB,18.67
1790978332.523082,benchmark-jmeter-measure,7.39,502.3MiB,15.58GiB,3.15
1790978332.523570,benchmark-laravel-app-1,176.16,50.65MiB,2GiB,2.47
1790978332.524042,benchmark-laravel-nginx-1,9.91,10.63MiB,256MiB,4.15
1790978332.524400,benchmark-postgres-1,30.13,382.5MiB,2GiB,18.67
1790978332.524745,benchmark-jmeter-measure,7.39,502.3MiB,15.58GiB,3.15
1790978333.021322,benchmark-laravel-app-1,176.43,50.41MiB,2GiB,2.46
1790978333.021784,benchmark-laravel-nginx-1,13.50,10.64MiB,256MiB,4.16
1790978333.022403,benchmark-postgres-1,22.81,382.2MiB,2GiB,18.66
1790978333.022775,benchmark-jmeter-measure,7.69,513.4MiB,15.58GiB,3.22
1790978333.023170,benchmark-laravel-app-1,176.43,50.41MiB,2GiB,2.46
1790978333.023509,benchmark-laravel-nginx-1,13.50,10.64MiB,256MiB,4.16
1790978333.023814,benchmark-postgres-1,22.81,382.2MiB,2GiB,18.66
1790978333.024129,benchmark-jmeter-measure,7.69,513.4MiB,15.58GiB,3.22
1790978333.521932,benchmark-laravel-app-1,176.43,50.41MiB,2GiB,2.46
1790978333.522294,benchmark-laravel-nginx-1,13.50,10.64MiB,256MiB,4.16
1790978333.522596,benchmark-postgres-1,22.81,382.2MiB,2GiB,18.66
1790978333.522862,benchmark-jmeter-measure,7.69,513.4MiB,15.58GiB,3.22
1790978333.523198,benchmark-laravel-app-1,176.43,50.41MiB,2GiB,2.46
1790978333.523511,benchmark-laravel-nginx-1,13.50,10.64MiB,256MiB,4.16
1790978333.523814,benchmark-postgres-1,22.81,382.2MiB,2GiB,18.66
1790978333.524099,benchmark-jmeter-measure,7.69,513.4MiB,15.58GiB,3.22
1790978334.021008,benchmark-laravel-app-1,177.47,50.41MiB,2GiB,2.46
1790978334.021390,benchmark-laravel-nginx-1,9.74,10.66MiB,256MiB,4.16
1790978334.021843,benchmark-postgres-1,22.84,382.5MiB,2GiB,18.68
1790978334.022261,benchmark-jmeter-measure,8.55,524.4MiB,15.58GiB,3.29
1790978334.022703,benchmark-laravel-app-1,177.47,50.41MiB,2GiB,2.46
1790978334.023196,benchmark-laravel-nginx-1,9.74,10.66MiB,256MiB,4.16
1790978334.023670,benchmark-postgres-1,22.84,382.5MiB,2GiB,18.68
1790978334.024112,benchmark-jmeter-measure,8.55,524.4MiB,15.58GiB,3.29
1790978334.522034,benchmark-laravel-app-1,177.47,50.41MiB,2GiB,2.46
1790978334.522595,benchmark-laravel-nginx-1,9.74,10.66MiB,256MiB,4.16
1790978334.522995,benchmark-postgres-1,22.84,382.5MiB,2GiB,18.68
1790978334.523323,benchmark-jmeter-measure,8.55,524.4MiB,15.58GiB,3.29
1790978334.523629,benchmark-laravel-app-1,177.47,50.41MiB,2GiB,2.46
1790978334.523962,benchmark-laravel-nginx-1,9.74,10.66MiB,256MiB,4.16
1790978334.524389,benchmark-postgres-1,22.84,382.5MiB,2GiB,18.68
1790978334.524696,benchmark-jmeter-measure,8.55,524.4MiB,15.58GiB,3.29
1790978335.021695,benchmark-laravel-app-1,177.76,50.4MiB,2GiB,2.46
1790978335.022072,benchmark-laravel-nginx-1,9.82,10.66MiB,256MiB,4.16
1790978335.022384,benchmark-postgres-1,23.10,382.2MiB,2GiB,18.66
1790978335.022669,benchmark-jmeter-measure,7.70,535.5MiB,15.58GiB,3.36
1790978335.022973,benchmark-laravel-app-1,177.76,50.4MiB,2GiB,2.46
1790978335.023272,benchmark-laravel-nginx-1,9.82,10.66MiB,256MiB,4.16
1790978335.023571,benchmark-postgres-1,23.10,382.2MiB,2GiB,18.66
1790978335.023907,benchmark-jmeter-measure,7.70,535.5MiB,15.58GiB,3.36
1790978335.521052,benchmark-laravel-app-1,177.76,50.4MiB,2GiB,2.46
1790978335.521502,benchmark-laravel-nginx-1,9.82,10.66MiB,256MiB,4.16
1790978335.521934,benchmark-postgres-1,23.10,382.2MiB,2GiB,18.66
1790978335.522244,benchmark-jmeter-measure,7.70,535.5MiB,15.58GiB,3.36
1790978335.522603,benchmark-laravel-app-1,177.76,50.4MiB,2GiB,2.46
1790978335.523053,benchmark-laravel-nginx-1,9.82,10.66MiB,256MiB,4.16
1790978335.523457,benchmark-postgres-1,23.10,382.2MiB,2GiB,18.66
1790978335.523864,benchmark-jmeter-measure,7.70,535.5MiB,15.58GiB,3.36
1790978336.021487,benchmark-laravel-app-1,174.52,50.64MiB,2GiB,2.47
1790978336.021965,benchmark-laravel-nginx-1,9.95,10.65MiB,256MiB,4.16
1790978336.022390,benchmark-postgres-1,23.22,382.2MiB,2GiB,18.66
1790978336.022745,benchmark-jmeter-measure,8.02,547.1MiB,15.58GiB,3.43
1790978336.023050,benchmark-laravel-app-1,174.52,50.64MiB,2GiB,2.47
1790978336.023363,benchmark-laravel-nginx-1,9.95,10.65MiB,256MiB,4.16
1790978336.023661,benchmark-postgres-1,23.22,382.2MiB,2GiB,18.66
1790978336.023956,benchmark-jmeter-measure,8.02,547.1MiB,15.58GiB,3.43
1790978336.521392,benchmark-laravel-app-1,174.52,50.64MiB,2GiB,2.47
1790978336.521830,benchmark-laravel-nginx-1,9.95,10.65MiB,256MiB,4.16
1790978336.522154,benchmark-postgres-1,23.22,382.2MiB,2GiB,18.66
1790978336.522503,benchmark-jmeter-measure,8.02,547.1MiB,15.58GiB,3.43
1790978336.522925,benchmark-laravel-app-1,174.52,50.64MiB,2GiB,2.47
1790978336.523327,benchmark-laravel-nginx-1,9.95,10.65MiB,256MiB,4.16
1790978336.523752,benchmark-postgres-1,23.22,382.2MiB,2GiB,18.66
1790978336.524297,benchmark-jmeter-measure,8.02,547.1MiB,15.58GiB,3.43
1790978337.021839,benchmark-laravel-app-1,181.19,50.39MiB,2GiB,2.46
1790978337.022363,benchmark-laravel-nginx-1,8.75,10.66MiB,256MiB,4.16
1790978337.022769,benchmark-postgres-1,26.15,382.2MiB,2GiB,18.66
1790978337.023164,benchmark-jmeter-measure,7.13,555.9MiB,15.58GiB,3.48
1790978337.023502,benchmark-laravel-app-1,181.19,50.39MiB,2GiB,2.46
1790978337.023838,benchmark-laravel-nginx-1,8.75,10.66MiB,256MiB,4.16
1790978337.024191,benchmark-postgres-1,26.15,382.2MiB,2GiB,18.66
1790978337.024491,benchmark-jmeter-measure,7.13,555.9MiB,15.58GiB,3.48
1790978337.522566,benchmark-laravel-app-1,181.19,50.39MiB,2GiB,2.46
1790978337.523142,benchmark-laravel-nginx-1,8.75,10.66MiB,256MiB,4.16
1790978337.523600,benchmark-postgres-1,26.15,382.2MiB,2GiB,18.66
1790978337.523936,benchmark-jmeter-measure,7.13,555.9MiB,15.58GiB,3.48
1790978337.524789,benchmark-laravel-app-1,181.19,50.39MiB,2GiB,2.46
1790978337.525693,benchmark-laravel-nginx-1,8.75,10.66MiB,256MiB,4.16
1790978337.526124,benchmark-postgres-1,26.15,382.2MiB,2GiB,18.66
1790978337.526563,benchmark-jmeter-measure,7.13,555.9MiB,15.58GiB,3.48
1790978338.021723,benchmark-laravel-app-1,181.19,50.39MiB,2GiB,2.46
1790978338.022264,benchmark-laravel-nginx-1,13.37,10.71MiB,256MiB,4.19
1790978338.022742,benchmark-postgres-1,20.39,382.2MiB,2GiB,18.66
1790978338.023103,benchmark-jmeter-measure,7.18,564.3MiB,15.58GiB,3.54
1790978338.023505,benchmark-laravel-app-1,181.19,50.39MiB,2GiB,2.46
1790978338.023943,benchmark-laravel-nginx-1,13.37,10.71MiB,256MiB,4.19
1790978338.024395,benchmark-postgres-1,20.39,382.2MiB,2GiB,18.66
1790978338.024860,benchmark-jmeter-measure,7.18,564.3MiB,15.58GiB,3.54
1790978338.521160,benchmark-laravel-app-1,181.04,50.4MiB,2GiB,2.46
1790978338.521744,benchmark-laravel-nginx-1,13.37,10.71MiB,256MiB,4.19
1790978338.522272,benchmark-postgres-1,20.39,382.2MiB,2GiB,18.66
1790978338.522692,benchmark-jmeter-measure,7.18,564.3MiB,15.58GiB,3.54
1790978338.523136,benchmark-laravel-app-1,181.04,50.4MiB,2GiB,2.46
1790978338.523563,benchmark-laravel-nginx-1,13.37,10.71MiB,256MiB,4.19
1790978338.523925,benchmark-postgres-1,20.39,382.2MiB,2GiB,18.66
1790978338.524307,benchmark-jmeter-measure,7.18,564.3MiB,15.58GiB,3.54
1790978339.022210,benchmark-laravel-app-1,181.04,50.4MiB,2GiB,2.46
1790978339.022748,benchmark-laravel-nginx-1,13.37,10.71MiB,256MiB,4.19
1790978339.023182,benchmark-postgres-1,20.39,382.2MiB,2GiB,18.66
1790978339.023572,benchmark-jmeter-measure,7.18,564.3MiB,15.58GiB,3.54
1790978339.023916,benchmark-laravel-app-1,181.04,50.4MiB,2GiB,2.46
1790978339.024244,benchmark-laravel-nginx-1,13.37,10.71MiB,256MiB,4.19
1790978339.024608,benchmark-postgres-1,20.39,382.2MiB,2GiB,18.66
1790978339.024982,benchmark-jmeter-measure,7.18,564.3MiB,15.58GiB,3.54
1790978339.521717,benchmark-laravel-app-1,179.08,50.4MiB,2GiB,2.46
1790978339.522065,benchmark-laravel-nginx-1,9.24,10.69MiB,256MiB,4.17
1790978339.522428,benchmark-postgres-1,20.92,382.3MiB,2GiB,18.67
1790978339.522743,benchmark-jmeter-measure,7.57,574MiB,15.58GiB,3.60
1790978339.523046,benchmark-laravel-app-1,179.08,50.4MiB,2GiB,2.46
1790978339.523380,benchmark-laravel-nginx-1,9.24,10.69MiB,256MiB,4.17
1790978339.523679,benchmark-postgres-1,20.92,382.3MiB,2GiB,18.67
1790978339.523962,benchmark-jmeter-measure,7.57,574MiB,15.58GiB,3.60
1790978340.021270,benchmark-laravel-app-1,179.08,50.4MiB,2GiB,2.46
1790978340.021695,benchmark-laravel-nginx-1,9.24,10.69MiB,256MiB,4.17
1790978340.022009,benchmark-postgres-1,20.92,382.3MiB,2GiB,18.67
1790978340.022285,benchmark-jmeter-measure,7.57,574MiB,15.58GiB,3.60
1790978340.022629,benchmark-laravel-app-1,179.08,50.4MiB,2GiB,2.46
1790978340.022932,benchmark-laravel-nginx-1,9.24,10.69MiB,256MiB,4.17
1790978340.023231,benchmark-postgres-1,20.92,382.3MiB,2GiB,18.67
1790978340.023495,benchmark-jmeter-measure,7.57,574MiB,15.58GiB,3.60
1790978340.521231,benchmark-laravel-app-1,38.49,50.38MiB,2GiB,2.46
1790978340.521751,benchmark-laravel-nginx-1,1.90,10.65MiB,256MiB,4.16
1790978340.522171,benchmark-postgres-1,5.57,382.7MiB,2GiB,18.69
1790978340.522547,benchmark-jmeter-measure,2.54,575.5MiB,15.58GiB,3.61
1790978340.522994,benchmark-laravel-app-1,38.49,50.38MiB,2GiB,2.46
1790978340.523312,benchmark-laravel-nginx-1,1.90,10.65MiB,256MiB,4.16
1790978340.523664,benchmark-postgres-1,5.57,382.7MiB,2GiB,18.69
1790978340.523931,benchmark-jmeter-measure,2.54,575.5MiB,15.58GiB,3.61
1790978341.022018,benchmark-laravel-app-1,38.49,50.38MiB,2GiB,2.46
1790978341.022446,benchmark-laravel-nginx-1,1.90,10.65MiB,256MiB,4.16
1790978341.022823,benchmark-postgres-1,5.57,382.7MiB,2GiB,18.69
1790978341.023436,benchmark-laravel-app-1,38.49,50.38MiB,2GiB,2.46
1790978341.023830,benchmark-laravel-nginx-1,1.90,10.65MiB,256MiB,4.16
1790978341.024235,benchmark-postgres-1,5.57,382.7MiB,2GiB,18.69
