scenario,mode,framework,endpoint,users,repetition,samples,window_s,p50_ms,mean_ms,p95_ms,p99_ms,throughput_rps,error_rate_pct,app_cpu_mean,app_cpu_peak,app_mem_mean_mib,app_mem_peak_mib,nginx_cpu_mean,nginx_cpu_peak,nginx_mem_mean_mib,nginx_mem_peak_mib,postgres_cpu_mean,postgres_cpu_peak,postgres_mem_mean_mib,postgres_mem_peak_mib,jmeter_cpu_mean,jmeter_cpu_peak,jmeter_mem_mean_mib,jmeter_mem_peak_mib,app_cpu_share_pct,postgres_cpu_share_pct,interleave_seed,framework_order,orders_count,order_items_count,reservations_count,little_ms,cpu_per_request_ms
s1,isolated,laravel,EP1,1,1,9627,59.000,6,6.024,7,8,163.169,0.000,86.730,88.900,50.423,50.650,6.397,8.640,10.631,11.980,10.711,14.980,383.447,383.900,12.533,225.760,301.379,344.100,0.217,0.027,20261002,nestjs laravel,100000,299695,100000,6.129,5.315
s1,isolated,laravel,EP1,10,1,36155,59.000,16,16.215,22,27,612.797,0.000,355.104,367.290,50.530,50.920,19.804,23.830,11.342,12.590,38.283,44.180,395.568,396.700,28.953,248.120,723.359,1440.768,0.888,0.096,20261002,nestjs laravel,100000,299695,100000,16.319,5.795
s1,isolated,laravel,EP1,2,1,19991,59.000,6,5.828,7,8,338.831,0.000,171.195,177.720,50.449,50.880,11.881,15.390,10.657,10.910,20.600,25.540,395.225,395.600,18.500,175.780,417.536,740.800,0.428,0.052,20261002,nestjs laravel,100000,299695,100000,5.903,5.053
s1,isolated,laravel,EP1,4,1,38265,59.000,6,6.093,7,8,648.559,0.000,346.675,357.700,50.510,51.170,22.558,25.780,11.075,11.470,38.800,44.270,394.808,396.200,26.035,195.530,746.912,1430.528,0.867,0.097,20261002,nestjs laravel,100000,299695,100000,6.168,5.345
s1,isolated,laravel,EP2,1,1,6356,59.000,9,9.096,10,11,107.729,0.000,85.714,88.570,50.668,50.910,4.853,7.240,10.639,11.070,11.510,17.740,395.371,396.100,11.866,241.360,299.923,337.400,0.214,0.029,20261002,nestjs laravel,100000,299695,100000,9.283,7.956
s1,isolated,laravel,EP2,10,1,30815,59.000,19,19.048,23,27,522.288,0.000,349.669,358.980,50.859,51.230,16.605,19.160,11.247,11.930,46.482,52.130,395.186,395.600,24.764,174.470,674.692,1325.056,0.874,0.116,20261002,nestjs laravel,100000,299695,100000,19.147,6.695
s1,isolated,laravel,EP2,2,1,14607,59.000,8,7.991,10,12,247.576,0.000,170.912,175.690,50.688,50.910,9.552,12.350,10.691,11.110,23.560,28.370,395.880,396.400,15.817,183.450,361.826,570.600,0.427,0.059,20261002,nestjs laravel,100000,299695,100000,8.078,6.903
s1,isolated,laravel,EP2,4,1,30625,59.000,7,7.635,9,11,519.068,0.000,342.344,353.750,50.768,51.210,17.957,21.520,10.884,11.150,46.396,52.400,395.834,396.900,23.404,156.380,651.254,1285.120,0.856,0.116,20261002,nestjs laravel,100000,299695,100000,7.706,6.595
s1,isolated,laravel,EP8,1,1,9729,59.000,6,5.950,8,9,164.898,0.000,73.510,78.540,50.603,51.050,5.496,7.680,10.694,12.360,10.552,20.840,395.887,396.500,11.766,196.630,292.736,333.000,0.184,0.026,20261002,nestjs laravel,100000,299695,100000,6.064,4.458
s1,isolated,laravel,EP8,10,1,40062,59.000,14,14.628,18,20,679.017,0.000,296.003,307.290,51.163,51.960,19.246,22.010,11.550,12.040,38.892,56.060,397.061,397.400,25.063,207.730,613.589,1186.816,0.740,0.097,20261002,nestjs laravel,100000,299695,100000,14.727,4.359
s1,isolated,laravel,EP8,2,1,19543,59.000,6,5.945,8,9,331.237,0.000,146.645,152.970,50.784,50.930,10.663,13.260,10.685,12.280,19.686,29.890,396.770,398.500,17.520,202.380,345.545,536.000,0.367,0.049,20261002,nestjs laravel,100000,299695,100000,6.038,4.427
s1,isolated,laravel,EP8,4,1,39224,59.000,6,5.938,8,9,664.814,0.000,287.182,299.550,51.039,51.890,21.169,24.420,10.901,11.820,37.973,43.180,396.944,398.900,24.374,159.930,588.511,1143.808,0.718,0.095,20261002,nestjs laravel,100000,299695,100000,6.017,4.320
s1,isolated,nestjs,EP1,1,1,49088,59.000,1,1.158,2,2,832.000,0.000,70.807,87.290,677.503,687.200,12.021,14.540,11.001,11.720,22.021,26.730,288.388,290.000,22.625,186.700,649.308,1275.904,0.177,0.055,20261002,nestjs laravel,100000,299695,100000,1.202,0.851
s1,isolated,nestjs,EP1,10,1,236956,59.000,2,2.444,4,8,4016.203,0.000,398.912,418.080,698.079,700.000,52.484,57.750,12.316,12.950,110.646,123.960,413.944,417.100,71.359,385.100,1291.210,1475.584,0.997,0.277,20261002,nestjs laravel,100000,299695,100000,2.490,0.993
s1,isolated,nestjs,EP1,2,1,96748,59.000,1,1.180,2,2,1639.797,0.000,137.534,151.370,699.473,701.900,22.548,25.380,11.365,12.040,43.720,49.830,395.620,396.700,32.315,191.530,1026.321,1445.888,0.344,0.109,20261002,nestjs laravel,100000,299695,100000,1.220,0.839
s1,isolated,nestjs,EP1,4,1,177548,59.000,1,1.293,2,3,3009.288,0.000,272.560,290.380,705.101,707.400,42.059,48.790,11.649,12.940,85.080,95.760,401.355,403.000,50.670,248.710,1225.019,1462.272,0.681,0.213,20261002,nestjs laravel,100000,299695,100000,1.329,0.906
s1,isolated,nestjs,EP2,1,1,27492,59.000,2,2.087,3,3,465.966,0.000,72.751,89.210,678.595,684.100,7.218,9.800,11.092,11.750,27.722,32.580,396.000,399.600,19.708,212.310,425.625,759.300,0.182,0.069,20261002,nestjs laravel,100000,299695,100000,2.146,1.561
s1,isolated,nestjs,EP2,10,1,148449,59.000,4,3.924,6,11,2516.085,0.000,393.425,412.670,664.314,666.300,32.638,37.830,12.159,12.880,151.209,168.010,415.370,420.400,55.364,301.040,1199.677,1458.176,0.984,0.378,20261002,nestjs laravel,100000,299695,100000,3.974,1.564
s1,isolated,nestjs,EP2,2,1,54175,59.000,2,2.124,3,3,918.220,0.000,137.960,158.720,669.035,670.800,13.655,16.290,11.240,13.660,55.326,61.640,395.959,397.900,27.466,218.830,788.069,1451.008,0.345,0.138,20261002,nestjs laravel,100000,299695,100000,2.178,1.502
s1,isolated,nestjs,EP2,4,1,95699,59.000,2,2.415,3,4,1622.017,0.000,263.244,286.910,660.125,661.500,24.597,28.400,11.588,12.240,105.676,119.070,401.692,406.200,39.866,223.830,1050.382,1439.744,0.658,0.264,20261002,nestjs laravel,100000,299695,100000,2.466,1.623
s1,isolated,nestjs,EP8,1,1,23429,59.000,3,2.465,4,5,397.102,0.000,48.641,65.260,694.625,704.100,5.473,7.780,10.651,10.910,20.252,28.530,396.459,398.900,17.234,170.390,347.541,519.700,0.122,0.051,20261002,nestjs laravel,100000,299695,100000,2.518,1.225
s1,isolated,nestjs,EP8,10,1,152075,59.000,4,3.822,6,7,2577.542,0.000,315.056,336.250,741.956,743.100,31.657,36.020,11.940,12.050,145.129,166.790,416.515,420.500,53.450,228.350,1158.182,1441.792,0.788,0.363,20261002,nestjs laravel,100000,299695,100000,3.880,1.222
s1,isolated,nestjs,EP8,2,1,45314,59.000,3,2.554,4,5,768.034,0.000,89.078,104.370,711.251,717.500,10.052,12.430,10.854,12.290,39.792,49.380,396.832,398.600,22.254,211.490,575.323,1118.208,0.223,0.099,20261002,nestjs laravel,100000,299695,100000,2.604,1.160
s1,isolated,nestjs,EP8,4,1,78584,59.000,3,2.953,5,5,1331.932,0.000,159.666,182.980,720.447,721.200,17.034,21.150,11.055,11.190,72.727,89.910,403.036,405.300,30.779,186.640,907.097,1440.768,0.399,0.182,20261002,nestjs laravel,100000,299695,100000,3.003,1.199
