scenario,mode,framework,endpoint,users,repetitions,p50_ms_median,p50_ms_sd,mean_ms_median,mean_ms_sd,p95_ms_median,p95_ms_sd,p99_ms_median,p99_ms_sd,throughput_rps_median,throughput_rps_sd,error_rate_pct_median,error_rate_pct_sd,app_cpu_mean_median,app_cpu_mean_sd,app_cpu_peak_median,app_cpu_peak_sd,app_mem_mean_mib_median,app_mem_mean_mib_sd,app_mem_peak_mib_median,app_mem_peak_mib_sd,nginx_cpu_mean_median,nginx_cpu_mean_sd,nginx_cpu_peak_median,nginx_cpu_peak_sd,nginx_mem_mean_mib_median,nginx_mem_mean_mib_sd,nginx_mem_peak_mib_median,nginx_mem_peak_mib_sd,postgres_cpu_mean_median,postgres_cpu_mean_sd,postgres_cpu_peak_median,postgres_cpu_peak_sd,postgres_mem_mean_mib_median,postgres_mem_mean_mib_sd,postgres_mem_peak_mib_median,postgres_mem_peak_mib_sd,jmeter_cpu_mean_median,jmeter_cpu_mean_sd,jmeter_cpu_peak_median,jmeter_cpu_peak_sd,jmeter_mem_mean_mib_median,jmeter_mem_mean_mib_sd,jmeter_mem_peak_mib_median,jmeter_mem_peak_mib_sd,app_cpu_share_pct_median,app_cpu_share_pct_sd,postgres_cpu_share_pct_median,postgres_cpu_share_pct_sd,orders_count_median,orders_count_sd,order_items_count_median,order_items_count_sd,reservations_count_median,reservations_count_sd,little_ms_median,little_ms_sd,cpu_per_request_ms_median,cpu_per_request_ms_sd
s1,isolated,laravel,EP1,1,1,6,0.000,6.024,0.000,7,0.000,8,0.000,163.169,0.000,0.000,0.000,86.730,0.000,88.900,0.000,50.423,0.000,50.650,0.000,6.397,0.000,8.640,0.000,10.631,0.000,11.980,0.000,10.711,0.000,14.980,0.000,383.447,0.000,383.900,0.000,12.533,0.000,225.760,0.000,301.379,0.000,344.100,0.000,0.217,0.000,0.027,0.000,100000,0.000,299695,0.000,100000,0.000,6.129,0.000,5.315,0.000
s1,isolated,laravel,EP1,2,1,6,0.000,5.828,0.000,7,0.000,8,0.000,338.831,0.000,0.000,0.000,171.195,0.000,177.720,0.000,50.449,0.000,50.880,0.000,11.881,0.000,15.390,0.000,10.657,0.000,10.910,0.000,20.600,0.000,25.540,0.000,395.225,0.000,395.600,0.000,18.500,0.000,175.780,0.000,417.536,0.000,740.800,0.000,0.428,0.000,0.052,0.000,100000,0.000,299695,0.000,100000,0.000,5.903,0.000,5.053,0.000
s1,isolated,laravel,EP1,4,1,6,0.000,6.093,0.000,7,0.000,8,0.000,648.559,0.000,0.000,0.000,346.675,0.000,357.700,0.000,50.510,0.000,51.170,0.000,22.558,0.000,25.780,0.000,11.075,0.000,11.470,0.000,38.800,0.000,44.270,0.000,394.808,0.000,396.200,0.000,26.035,0.000,195.530,0.000,746.912,0.000,1430.528,0.000,0.867,0.000,0.097,0.000,100000,0.000,299695,0.000,100000,0.000,6.168,0.000,5.345,0.000
s1,isolated,laravel,EP1,10,1,16,0.000,16.215,0.000,22,0.000,27,0.000,612.797,0.000,0.000,0.000,355.104,0.000,367.290,0.000,50.530,0.000,50.920,0.000,19.804,0.000,23.830,0.000,11.342,0.000,12.590,0.000,38.283,0.000,44.180,0.000,395.568,0.000,396.700,0.000,28.953,0.000,248.120,0.000,723.359,0.000,1440.768,0.000,0.888,0.000,0.096,0.000,100000,0.000,299695,0.000,100000,0.000,16.319,0.000,5.795,0.000
s1,isolated,laravel,EP2,1,1,9,0.000,9.096,0.000,10,0.000,11,0.000,107.729,0.000,0.000,0.000,85.714,0.000,88.570,0.000,50.668,0.000,50.910,0.000,4.853,0.000,7.240,0.000,10.639,0.000,11.070,0.000,11.510,0.000,17.740,0.000,395.371,0.000,396.100,0.000,11.866,0.000,241.360,0.000,299.923,0.000,337.400,0.000,0.214,0.000,0.029,0.000,100000,0.000,299695,0.000,100000,0.000,9.283,0.000,7.956,0.000
s1,isolated,laravel,EP2,2,1,8,0.000,7.991,0.000,10,0.000,12,0.000,247.576,0.000,0.000,0.000,170.912,0.000,175.690,0.000,50.688,0.000,50.910,0.000,9.552,0.000,12.350,0.000,10.691,0.000,11.110,0.000,23.560,0.000,28.370,0.000,395.880,0.000,396.400,0.000,15.817,0.000,183.450,0.000,361.826,0.000,570.600,0.000,0.427,0.000,0.059,0.000,100000,0.000,299695,0.000,100000,0.000,8.078,0.000,6.903,0.000
s1,isolated,laravel,EP2,4,1,7,0.000,7.635,0.000,9,0.000,11,0.000,519.068,0.000,0.000,0.000,342.344,0.000,353.750,0.000,50.768,0.000,51.210,0.000,17.957,0.000,21.520,0.000,10.884,0.000,11.150,0.000,46.396,0.000,52.400,0.000,395.834,0.000,396.900,0.000,23.404,0.000,156.380,0.000,651.254,0.000,1285.120,0.000,0.856,0.000,0.116,0.000,100000,0.000,299695,0.000,100000,0.000,7.706,0.000,6.595,0.000
s1,isolated,laravel,EP2,10,1,19,0.000,19.048,0.000,23,0.000,27,0.000,522.288,0.000,0.000,0.000,349.669,0.000,358.980,0.000,50.859,0.000,51.230,0.000,16.605,0.000,19.160,0.000,11.247,0.000,11.930,0.000,46.482,0.000,52.130,0.000,395.186,0.000,395.600,0.000,24.764,0.000,174.470,0.000,674.692,0.000,1325.056,0.000,0.874,0.000,0.116,0.000,100000,0.000,299695,0.000,100000,0.000,19.147,0.000,6.695,0.000
s1,isolated,laravel,EP8,1,1,6,0.000,5.950,0.000,8,0.000,9,0.000,164.898,0.000,0.000,0.000,73.510,0.000,78.540,0.000,50.603,0.000,51.050,0.000,5.496,0.000,7.680,0.000,10.694,0.000,12.360,0.000,10.552,0.000,20.840,0.000,395.887,0.000,396.500,0.000,11.766,0.000,196.630,0.000,292.736,0.000,333.000,0.000,0.184,0.000,0.026,0.000,100000,0.000,299695,0.000,100000,0.000,6.064,0.000,4.458,0.000
s1,isolated,laravel,EP8,2,1,6,0.000,5.945,0.000,8,0.000,9,0.000,331.237,0.000,0.000,0.000,146.645,0.000,152.970,0.000,50.784,0.000,50.930,0.000,10.663,0.000,13.260,0.000,10.685,0.000,12.280,0.000,19.686,0.000,29.890,0.000,396.770,0.000,398.500,0.000,17.520,0.000,202.380,0.000,345.545,0.000,536.000,0.000,0.367,0.000,0.049,0.000,100000,0.000,299695,0.000,100000,0.000,6.038,0.000,4.427,0.000
s1,isolated,laravel,EP8,4,1,6,0.000,5.938,0.000,8,0.000,9,0.000,664.814,0.000,0.000,0.000,287.182,0.000,299.550,0.000,51.039,0.000,51.890,0.000,21.169,0.000,24.420,0.000,10.901,0.000,11.820,0.000,37.973,0.000,43.180,0.000,396.944,0.000,398.900,0.000,24.374,0.000,159.930,0.000,588.511,0.000,1143.808,0.000,0.718,0.000,0.095,0.000,100000,0.000,299695,0.000,100000,0.000,6.017,0.000,4.320,0.000
s1,isolated,laravel,EP8,10,1,14,0.000,14.628,0.000,18,0.000,20,0.000,679.017,0.000,0.000,0.000,296.003,0.000,307.290,0.000,51.163,0.000,51.960,0.000,19.246,0.000,22.010,0.000,11.550,0.000,12.040,0.000,38.892,0.000,56.060,0.000,397.061,0.000,397.400,0.000,25.063,0.000,207.730,0.000,613.589,0.000,1186.816,0.000,0.740,0.000,0.097,0.000,100000,0.000,299695,0.000,100000,0.000,14.727,0.000,4.359,0.000
s1,isolated,nestjs,EP1,1,1,1,0.000,1.158,0.000,2,0.000,2,0.000,832.000,0.000,0.000,0.000,70.807,0.000,87.290,0.000,677.503,0.000,687.200,0.000,12.021,0.000,14.540,0.000,11.001,0.000,11.720,0.000,22.021,0.000,26.730,0.000,288.388,0.000,290.000,0.000,22.625,0.000,186.700,0.000,649.308,0.000,1275.904,0.000,0.177,0.000,0.055,0.000,100000,0.000,299695,0.000,100000,0.000,1.202,0.000,0.851,0.000
s1,isolated,nestjs,EP1,2,1,1,0.000,1.180,0.000,2,0.000,2,0.000,1639.797,0.000,0.000,0.000,137.534,0.000,151.370,0.000,699.473,0.000,701.900,0.000,22.548,0.000,25.380,0.000,11.365,0.000,12.040,0.000,43.720,0.000,49.830,0.000,395.620,0.000,396.700,0.000,32.315,0.000,191.530,0.000,1026.321,0.000,1445.888,0.000,0.344,0.000,0.109,0.000,100000,0.000,299695,0.000,100000,0.000,1.220,0.000,0.839,0.000
s1,isolated,nestjs,EP1,4,1,1,0.000,1.293,0.000,2,0.000,3,0.000,3009.288,0.000,0.000,0.000,272.560,0.000,290.380,0.000,705.101,0.000,707.400,0.000,42.059,0.000,48.790,0.000,11.649,0.000,12.940,0.000,85.080,0.000,95.760,0.000,401.355,0.000,403.000,0.000,50.670,0.000,248.710,0.000,1225.019,0.000,1462.272,0.000,0.681,0.000,0.213,0.000,100000,0.000,299695,0.000,100000,0.000,1.329,0.000,0.906,0.000
s1,isolated,nestjs,EP1,10,1,2,0.000,2.444,0.000,4,0.000,8,0.000,4016.203,0.000,0.000,0.000,398.912,0.000,418.080,0.000,698.079,0.000,700.000,0.000,52.484,0.000,57.750,0.000,12.316,0.000,12.950,0.000,110.646,0.000,123.960,0.000,413.944,0.000,417.100,0.000,71.359,0.000,385.100,0.000,1291.210,0.000,1475.584,0.000,0.997,0.000,0.277,0.000,100000,0.000,299695,0.000,100000,0.000,2.490,0.000,0.993,0.000
s1,isolated,nestjs,EP2,1,1,2,0.000,2.087,0.000,3,0.000,3,0.000,465.966,0.000,0.000,0.000,72.751,0.000,89.210,0.000,678.595,0.000,684.100,0.000,7.218,0.000,9.800,0.000,11.092,0.000,11.750,0.000,27.722,0.000,32.580,0.000,396.000,0.000,399.600,0.000,19.708,0.000,212.310,0.000,425.625,0.000,759.300,0.000,0.182,0.000,0.069,0.000,100000,0.000,299695,0.000,100000,0.000,2.146,0.000,1.561,0.000
s1,isolated,nestjs,EP2,2,1,2,0.000,2.124,0.000,3,0.000,3,0.000,918.220,0.000,0.000,0.000,137.960,0.000,158.720,0.000,669.035,0.000,670.800,0.000,13.655,0.000,16.290,0.000,11.240,0.000,13.660,0.000,55.326,0.000,61.640,0.000,395.959,0.000,397.900,0.000,27.466,0.000,218.830,0.000,788.069,0.000,1451.008,0.000,0.345,0.000,0.138,0.000,100000,0.000,299695,0.000,100000,0.000,2.178,0.000,1.502,0.000
s1,isolated,nestjs,EP2,4,1,2,0.000,2.415,0.000,3,0.000,4,0.000,1622.017,0.000,0.000,0.000,263.244,0.000,286.910,0.000,660.125,0.000,661.500,0.000,24.597,0.000,28.400,0.000,11.588,0.000,12.240,0.000,105.676,0.000,119.070,0.000,401.692,0.000,406.200,0.000,39.866,0.000,223.830,0.000,1050.382,0.000,1439.744,0.000,0.658,0.000,0.264,0.000,100000,0.000,299695,0.000,100000,0.000,2.466,0.000,1.623,0.000
s1,isolated,nestjs,EP2,10,1,4,0.000,3.924,0.000,6,0.000,11,0.000,2516.085,0.000,0.000,0.000,393.425,0.000,412.670,0.000,664.314,0.000,666.300,0.000,32.638,0.000,37.830,0.000,12.159,0.000,12.880,0.000,151.209,0.000,168.010,0.000,415.370,0.000,420.400,0.000,55.364,0.000,301.040,0.000,1199.677,0.000,1458.176,0.000,0.984,0.000,0.378,0.000,100000,0.000,299695,0.000,100000,0.000,3.974,0.000,1.564,0.000
s1,isolated,nestjs,EP8,1,1,3,0.000,2.465,0.000,4,0.000,5,0.000,397.102,0.000,0.000,0.000,48.641,0.000,65.260,0.000,694.625,0.000,704.100,0.000,5.473,0.000,7.780,0.000,10.651,0.000,10.910,0.000,20.252,0.000,28.530,0.000,396.459,0.000,398.900,0.000,17.234,0.000,170.390,0.000,347.541,0.000,519.700,0.000,0.122,0.000,0.051,0.000,100000,0.000,299695,0.000,100000,0.000,2.518,0.000,1.225,0.000
s1,isolated,nestjs,EP8,2,1,3,0.000,2.554,0.000,4,0.000,5,0.000,768.034,0.000,0.000,0.000,89.078,0.000,104.370,0.000,711.251,0.000,717.500,0.000,10.052,0.000,12.430,0.000,10.854,0.000,12.290,0.000,39.792,0.000,49.380,0.000,396.832,0.000,398.600,0.000,22.254,0.000,211.490,0.000,575.323,0.000,1118.208,0.000,0.223,0.000,0.099,0.000,100000,0.000,299695,0.000,100000,0.000,2.604,0.000,1.160,0.000
s1,isolated,nestjs,EP8,4,1,3,0.000,2.953,0.000,5,0.000,5,0.000,1331.932,0.000,0.000,0.000,159.666,0.000,182.980,0.000,720.447,0.000,721.200,0.000,17.034,0.000,21.150,0.000,11.055,0.000,11.190,0.000,72.727,0.000,89.910,0.000,403.036,0.000,405.300,0.000,30.779,0.000,186.640,0.000,907.097,0.000,1440.768,0.000,0.399,0.000,0.182,0.000,100000,0.000,299695,0.000,100000,0.000,3.003,0.000,1.199,0.000
s1,isolated,nestjs,EP8,10,1,4,0.000,3.822,0.000,6,0.000,7,0.000,2577.542,0.000,0.000,0.000,315.056,0.000,336.250,0.000,741.956,0.000,743.100,0.000,31.657,0.000,36.020,0.000,11.940,0.000,12.050,0.000,145.129,0.000,166.790,0.000,416.515,0.000,420.500,0.000,53.450,0.000,228.350,0.000,1158.182,0.000,1441.792,0.000,0.788,0.000,0.363,0.000,100000,0.000,299695,0.000,100000,0.000,3.880,0.000,1.222,0.000
